{"y_pred_test": [0, 0, 0, 0, 2, 0, 1, 0, 0, 0, 0, 0, 0, 1, 0, 2, 2, 1, 0, 2, 0, 0, 0, 2, 0, 2, 0, 2, 0, 0, 0, 1, 0, 0, 0, 0, 0, 0, 0, 0, 0, 2, 0, 0, 0, 0, 0, 0, 0, 2, 0, 0, 0, 0, 0, 0, 0, 0, 0, 0, 0, 0, 0, 0, 0, 0, 0, 0, 0, 0, 0, 0, 2, 2, 0, 0, 0, 0, 0, 0, 0, 0, 0, 0, 0, 0, 0, 0, 0, 0, 2, 0, 2, 0, 0, 0, 0, 0, 0, 0, 1, 1, 0, 1, 1, 1, 1, 1, 1, 1, 2, 1, 1, 1, 0, 1, 1, 1, 1, 1, 2, 1, 1, 1, 1, 1, 1, 1, 1, 0, 1, 1, 1, 1, 1, 1, 1, 2, 1, 1, 1, 1, 1, 1, 1, 2, 1, 2, 1, 1, 1, 1, 1, 1, 2, 1, 1, 1, 0, 1, 1, 1, 1, 1, 1, 1, 1, 0, 1, 1, 1, 1, 1, 1, 1, 1, 1, 1, 1, 1, 1, 1, 1, 1, 1, 2, 1, 1, 1, 1, 1, 1, 1, 1, 0, 1, 1, 1, 1, 1, 2, 2, 2, 2, 0, 2, 0, 2, 2, 2, 0, 2, 2, 1, 2, 2, 0, 0, 2, 2, 2, 2, 2, 2, 2, 2, 2, 2, 2, 2, 0, 2, 2, 0, 2, 2, 2, 2, 2, 2, 2, 2, 2, 2, 2, 2, 0, 2, 2, 2, 2, 2, 2, 2, 2, 2, 2, 2, 2, 2, 2, 2, 2, 2, 2, 2, 2, 1, 2, 2, 2, 1, 2, 2, 2, 2, 2, 2, 2, 2, 2, 2, 2, 2, 1, 2, 2, 0, 2, 2, 2, 2, 2, 2, 1, 2, 2, 2, 2, 2], "y_proba": [0.984587550163269, 0.9992521405220032, 1.0, 0.9074059724807739, 0.7487461566925049, 0.9557577967643738, 0.7240723371505737, 0.9970294237136841, 0.9909766912460327, 0.9999998807907104, 0.9999462366104126, 0.9972533583641052, 0.83077472448349, 0.508912980556488, 0.9978359341621399, 0.9817910194396973, 0.7702920436859131, 0.7129513621330261, 0.9999674558639526, 0.7416887879371643, 0.9997952580451965, 0.9999839067459106, 0.9999998807907104, 0.9574178457260132, 1.0, 0.8980990648269653, 0.9987898468971252, 0.8295779228210449, 0.9998058676719666, 0.9372000694274902, 0.9232889413833618, 0.5135716199874878, 0.8702921867370605, 0.9686458706855774, 0.9829280972480774, 1.0, 0.9999598264694214, 1.0, 0.9986257553100586, 0.9941866397857666, 0.693071186542511, 0.9999858140945435, 0.8508752584457397, 1.0, 0.9512502551078796, 0.9999960660934448, 0.9804688096046448, 0.8485032916069031, 0.9928810596466064, 0.8157340884208679, 0.9997066855430603, 0.9077854752540588, 0.5529138445854187, 0.9958376884460449, 0.763190746307373, 0.8597081303596497, 0.9999974966049194, 0.990911066532135, 0.829086184501648, 0.6791297793388367, 0.9997844099998474, 0.5471606254577637, 0.9787078499794006, 0.9995337724685669, 0.9974467754364014, 0.9674726724624634, 0.6955781579017639, 0.9903123378753662, 0.9994063377380371, 0.8835370540618896, 0.9698926210403442, 0.9928279519081116, 0.9658511877059937, 0.9882735013961792, 0.7798418998718262, 0.7733752727508545, 0.9994848966598511, 0.9631487131118774, 0.5579039454460144, 0.9999995231628418, 0.6074001789093018, 0.9999991655349731, 0.9950416684150696, 0.9167306423187256, 0.9941146969795227, 0.9972782731056213, 0.9994671940803528, 0.998842179775238, 0.9996978044509888, 0.9860091805458069, 0.9348943829536438, 0.9331231117248535, 0.8122225999832153, 0.9904824495315552, 0.9696725606918335, 0.9999902248382568, 0.600030243396759, 0.9998030066490173, 0.9952462315559387, 0.9698165059089661, 0.99986732006073, 0.9989973902702332, 0.8972315192222595, 0.9920338988304138, 0.999962329864502, 0.9999986886978149, 0.9994282126426697, 0.9995390176773071, 0.9999799728393555, 0.6721056699752808, 0.9126086235046387, 0.9938726425170898, 0.9994170665740967, 0.9998164772987366, 0.8745946288108826, 0.9448816180229187, 0.9999798536300659, 0.9999997615814209, 0.9964361190795898, 0.9901956915855408, 0.7221384048461914, 0.9963984489440918, 0.9533036947250366, 0.9999932050704956, 0.9822408556938171, 0.999991774559021, 0.9984267950057983, 0.9863129258155823, 0.9999402761459351, 0.656253457069397, 0.9484930038452148, 0.9998822212219238, 0.9999136924743652, 0.628858208656311, 0.9804480075836182, 0.9987910389900208, 0.9928598999977112, 0.741075336933136, 0.9998605251312256, 0.9999184608459473, 0.6524220705032349, 0.9930533766746521, 1.0, 0.991922914981842, 0.9737364649772644, 0.6348273754119873, 0.9999980926513672, 0.9820625185966492, 0.9999711513519287, 0.9828377962112427, 0.9999364614486694, 0.999589741230011, 0.9976721405982971, 0.9984830021858215, 0.994071900844574, 0.9923976063728333, 0.9994321465492249, 0.9999978542327881, 0.5713245272636414, 0.9999972581863403, 0.9998860359191895, 0.9999978542327881, 0.9542321562767029, 0.8703881502151489, 0.9953468441963196, 0.8624026775360107, 0.9999996423721313, 0.7667959332466125, 0.5219091773033142, 0.9960145950317383, 0.9751519560813904, 0.9907594919204712, 0.9999996423721313, 0.9818657040596008, 0.9651004672050476, 1.0, 0.963712751865387, 0.9988541603088379, 0.9984972476959229, 0.9943360686302185, 0.9145951271057129, 0.8603907227516174, 0.8167486190795898, 0.9999991655349731, 0.9999996423721313, 0.996791660785675, 0.9998522996902466, 0.999929666519165, 0.999996542930603, 0.9999743700027466, 0.9997255206108093, 0.9995101690292358, 0.9999978542327881, 0.9988504648208618, 0.9925879836082458, 0.5442910194396973, 0.9999997615814209, 0.9998842477798462, 0.9711403250694275, 0.9995906949043274, 0.9904019236564636, 0.9710733294487, 0.9987002611160278, 0.9834316372871399, 0.9996470212936401, 0.9995456337928772, 0.5591772794723511, 0.5281972885131836, 0.6881526708602905, 0.9928677082061768, 0.9769679307937622, 0.999942421913147, 0.9999381303787231, 0.5361021161079407, 0.9958946704864502, 0.9999463558197021, 0.9049026966094971, 0.6960392594337463, 0.9889390468597412, 0.9999998807907104, 0.9999984502792358, 0.99940025806427, 0.9986792206764221, 0.9986502528190613, 0.936440110206604, 0.9996596574783325, 0.9360173344612122, 0.606313169002533, 0.9999982118606567, 0.9991225600242615, 0.8420190215110779, 0.8653588891029358, 0.9996258020401001, 0.49672821164131165, 0.9998213648796082, 0.9995972514152527, 0.9991841912269592, 0.9185455441474915, 0.9995927214622498, 0.9884909391403198, 0.9999969005584717, 0.9929220080375671, 0.9895055890083313, 0.9991883635520935, 0.9999819993972778, 0.9999998807907104, 0.9453303217887878, 0.9999995231628418, 0.9953866600990295, 0.9352822303771973, 1.0, 0.9998561143875122, 0.9978910088539124, 0.9997870326042175, 0.9996020197868347, 0.999924898147583, 0.9840928316116333, 0.9998666048049927, 0.9994576573371887, 0.9908629655838013, 0.9832571148872375, 0.9999785423278809, 0.9985907673835754, 0.9928720593452454, 0.9999996423721313, 0.9999657869338989, 0.9987831711769104, 0.9392653703689575, 0.9987694621086121, 0.988796591758728, 0.9985105395317078, 0.9849281907081604, 0.999433696269989, 0.9999978542327881, 0.9997729659080505, 0.9975985884666443, 0.9999996423721313, 0.9999774694442749, 0.977691650390625, 0.9872521162033081, 0.999737560749054, 0.9998787641525269, 0.9969973564147949, 0.9909427762031555, 0.6181639432907104, 0.9843926429748535, 0.9931126236915588, 0.998649537563324, 0.9985769987106323, 0.9327915906906128, 0.99757319688797, 0.9999991655349731, 0.9999644756317139, 0.9995744824409485, 0.9125553965568542, 0.9545525908470154, 0.9995105266571045, 0.8550938367843628, 0.9994315505027771, 0.995881199836731]}