{"accuracy": [0.3959999978542328, 0.5019999742507935, 0.5886666774749756, 0.6446666717529297, 0.7080000042915344, 0.7326666712760925, 0.7540000081062317, 0.765999972820282, 0.7793333530426025, 0.7766666412353516, 0.809333324432373, 0.8033333420753479, 0.8066666722297668, 0.8113333582878113, 0.8046666383743286, 0.8226666450500488, 0.8320000171661377, 0.8333333134651184, 0.8446666598320007, 0.8546666502952576, 0.8539999723434448, 0.8679999709129333, 0.8713333606719971, 0.8573333621025085, 0.8999999761581421, 0.8740000128746033, 0.890666663646698, 0.8986666798591614, 0.8999999761581421, 0.9100000262260437], "val_accuracy": [0.503333330154419, 0.5933333039283752, 0.6399999856948853, 0.6966666579246521, 0.7433333396911621, 0.7566666603088379, 0.7766666412353516, 0.7400000095367432, 0.7400000095367432, 0.7733333110809326, 0.7833333611488342, 0.7733333110809326, 0.7799999713897705, 0.7733333110809326, 0.7766666412353516, 0.8066666722297668, 0.7833333611488342, 0.800000011920929, 0.8033333420753479, 0.8066666722297668, 0.8133333325386047, 0.8166666626930237, 0.8066666722297668, 0.8233333230018616, 0.8233333230018616, 0.800000011920929, 0.8333333134651184, 0.8100000023841858, 0.846666693687439, 0.8233333230018616]}