{"accuracy": [0.4246666729450226, 0.5506666898727417, 0.6380000114440918, 0.6953333616256714, 0.734000027179718, 0.7606666684150696, 0.7860000133514404, 0.8033333420753479, 0.8186666369438171, 0.8133333325386047, 0.8240000009536743, 0.8486666679382324, 0.8659999966621399, 0.8766666650772095, 0.8806666731834412, 0.8946666717529297, 0.9086666703224182, 0.9160000085830688, 0.906000018119812, 0.9086666703224182, 0.9273333549499512, 0.921999990940094, 0.9399999976158142, 0.9453333616256714, 0.9453333616256714, 0.9440000057220459, 0.9480000138282776, 0.9480000138282776, 0.9520000219345093, 0.9513333439826965], "val_accuracy": [0.5733333230018616, 0.6966666579246521, 0.7400000095367432, 0.746666669845581, 0.7333333492279053, 0.7699999809265137, 0.79666668176651, 0.800000011920929, 0.79666668176651, 0.8333333134651184, 0.8100000023841858, 0.8333333134651184, 0.8133333325386047, 0.8333333134651184, 0.8233333230018616, 0.8299999833106995, 0.8233333230018616, 0.8266666531562805, 0.8066666722297668, 0.8366666436195374, 0.8266666531562805, 0.8399999737739563, 0.8399999737739563, 0.8566666841506958, 0.8399999737739563, 0.8433333039283752, 0.8333333134651184, 0.8600000143051147, 0.8399999737739563, 0.846666693687439]}