{"y_pred_test": [0, 0, 0, 0, 0, 0, 1, 0, 0, 0, 0, 0, 0, 0, 0, 2, 2, 0, 0, 2, 0, 0, 0, 2, 0, 2, 0, 2, 0, 0, 0, 0, 2, 0, 0, 0, 0, 0, 0, 0, 2, 2, 2, 0, 0, 0, 2, 0, 0, 2, 0, 0, 0, 0, 0, 0, 0, 0, 0, 0, 0, 2, 0, 0, 0, 0, 0, 0, 0, 0, 0, 0, 2, 0, 0, 2, 0, 0, 0, 0, 1, 0, 0, 0, 0, 0, 0, 0, 0, 0, 2, 0, 2, 0, 0, 0, 0, 0, 0, 0, 1, 1, 1, 2, 1, 1, 1, 1, 1, 1, 1, 1, 1, 1, 1, 1, 1, 1, 1, 1, 2, 1, 1, 1, 1, 1, 1, 1, 1, 1, 1, 1, 1, 1, 1, 1, 1, 2, 1, 1, 1, 1, 1, 1, 1, 2, 1, 1, 1, 1, 1, 1, 1, 1, 2, 1, 1, 1, 1, 1, 1, 1, 1, 1, 1, 2, 1, 0, 1, 1, 1, 1, 1, 1, 1, 1, 1, 1, 1, 1, 1, 1, 1, 1, 1, 2, 1, 1, 1, 1, 1, 1, 1, 1, 0, 1, 1, 1, 1, 1, 2, 2, 2, 2, 0, 2, 2, 2, 2, 2, 0, 2, 2, 2, 2, 2, 0, 0, 2, 2, 2, 2, 2, 2, 2, 2, 2, 2, 2, 2, 0, 1, 2, 0, 2, 2, 2, 0, 2, 2, 2, 2, 2, 2, 2, 2, 0, 2, 2, 2, 2, 2, 2, 2, 2, 2, 2, 2, 2, 2, 2, 2, 2, 2, 2, 2, 2, 1, 2, 2, 2, 1, 2, 2, 2, 2, 2, 2, 2, 2, 2, 2, 2, 2, 2, 2, 2, 0, 2, 2, 2, 2, 2, 2, 2, 2, 2, 2, 2, 2], "y_proba": [0.9241620898246765, 0.9997691512107849, 1.0, 0.5163642764091492, 0.9914929270744324, 0.9999998807907104, 0.7145888805389404, 0.9869804978370667, 0.9998817443847656, 1.0, 0.9999657869338989, 0.9999773502349854, 0.9823048114776611, 0.9999984502792358, 0.9985970854759216, 0.9991171956062317, 0.9999366998672485, 0.8658300042152405, 0.9998466968536377, 0.8797510266304016, 0.9999958276748657, 1.0, 1.0, 0.9986875653266907, 1.0, 0.9979421496391296, 1.0, 0.9868561625480652, 1.0, 0.99928879737854, 0.9305995106697083, 0.960688591003418, 0.6089419722557068, 0.9973722696304321, 0.9999380111694336, 1.0, 0.9999990463256836, 1.0, 0.9951421022415161, 0.9995470643043518, 0.9604120850563049, 1.0, 0.9604688286781311, 1.0, 0.995707094669342, 0.999998927116394, 0.7150679230690002, 0.9975571632385254, 1.0, 0.9053549766540527, 0.9999986886978149, 0.9983866214752197, 0.9130591154098511, 0.9999096393585205, 0.9998738765716553, 0.6895378828048706, 1.0, 0.9950482249259949, 0.5728052258491516, 0.8681600689888, 1.0, 0.9999998807907104, 0.9549707174301147, 0.999972939491272, 0.9999970197677612, 0.9999854564666748, 0.9827321767807007, 0.9954545497894287, 0.9999508857727051, 0.999778687953949, 0.9999923706054688, 0.990958571434021, 0.9998760223388672, 0.9997140765190125, 0.9998794794082642, 0.934614360332489, 0.9999995231628418, 0.9999068975448608, 0.9956653714179993, 1.0, 0.9029501080513, 1.0, 0.9999066591262817, 0.9894854426383972, 0.9999932050704956, 0.9999213218688965, 0.9999988079071045, 0.9999997615814209, 0.9999997615814209, 0.9961280226707458, 0.994524359703064, 0.9977630376815796, 0.9988276362419128, 0.9999891519546509, 0.9984232187271118, 1.0, 0.9978840947151184, 0.9999946355819702, 1.0, 0.9961535334587097, 0.9966392517089844, 0.9947720170021057, 0.9996719360351562, 0.9426804780960083, 1.0, 1.0, 1.0, 1.0, 1.0, 0.9685732126235962, 0.8073862195014954, 0.9974855184555054, 0.9997250437736511, 0.9999942779541016, 0.8898584842681885, 0.999925971031189, 1.0, 1.0, 0.9997301697731018, 0.9999935626983643, 0.9837942719459534, 0.9948838353157043, 0.9999938011169434, 0.9999997615814209, 0.9972341656684875, 1.0, 0.9991948008537292, 1.0, 1.0, 0.8077002167701721, 0.9998841285705566, 0.9999934434890747, 0.9999983310699463, 0.9999920129776001, 0.9999845027923584, 0.999994158744812, 0.9809180498123169, 0.998002827167511, 0.9999988079071045, 1.0, 0.5507681965827942, 0.9609947800636292, 1.0, 0.9999998807907104, 0.9999581575393677, 0.9000551700592041, 1.0, 0.8828888535499573, 1.0, 0.9319049119949341, 0.9999959468841553, 1.0, 0.9997194409370422, 0.9999978542327881, 0.9972100853919983, 0.9999991655349731, 0.990544319152832, 1.0, 0.9972748160362244, 1.0, 0.9999409914016724, 1.0, 0.9999779462814331, 0.9921472668647766, 0.9997405409812927, 0.9751397967338562, 1.0, 0.9916611909866333, 0.9991820454597473, 0.9999984502792358, 0.9964174032211304, 0.9999997615814209, 1.0, 0.999664306640625, 0.9953449368476868, 1.0, 0.933709979057312, 0.9998854398727417, 0.9997038245201111, 0.9929895401000977, 0.9999861717224121, 0.9376377463340759, 0.998471200466156, 1.0, 1.0, 0.9999994039535522, 0.9997879862785339, 1.0, 1.0, 1.0, 1.0, 0.9999830722808838, 1.0, 0.999998927116394, 0.6153294444084167, 0.861102283000946, 1.0, 0.9999970197677612, 0.9982501864433289, 1.0, 0.9999998807907104, 0.999998927116394, 1.0, 0.9999982118606567, 0.9999998807907104, 1.0, 0.9916672110557556, 0.9999963045120239, 0.9980593323707581, 0.9996492862701416, 0.9533278346061707, 0.9998806715011597, 0.9999839067459106, 0.7420353889465332, 0.9999998807907104, 0.9999998807907104, 0.9809942245483398, 0.9893597364425659, 0.9999849796295166, 1.0, 1.0, 1.0, 0.9999948740005493, 0.9999985694885254, 0.9818383455276489, 0.9999998807907104, 0.9999994039535522, 0.9999719858169556, 1.0, 0.9999996423721313, 0.7365937232971191, 0.7007690072059631, 0.9999998807907104, 0.9077819585800171, 1.0, 0.9999973773956299, 0.9996336698532104, 0.7685666680335999, 0.9999980926513672, 0.9999738931655884, 1.0, 0.9999929666519165, 1.0, 0.9999792575836182, 1.0, 1.0, 0.8605368733406067, 1.0, 0.9997475743293762, 1.0, 1.0, 1.0, 0.9995589852333069, 1.0, 1.0, 1.0, 0.9999618530273438, 0.9999998807907104, 0.9999995231628418, 0.9999985694885254, 0.9998887777328491, 1.0, 0.9992719292640686, 0.9994760155677795, 1.0, 1.0, 0.9999998807907104, 0.9995753169059753, 1.0, 0.9986295700073242, 1.0, 0.9876015782356262, 1.0, 1.0, 1.0, 0.9999843835830688, 1.0, 1.0, 0.9984820485115051, 0.9998965263366699, 0.9999997615814209, 1.0, 1.0, 0.9996933937072754, 0.9451909065246582, 0.9999244213104248, 0.9999998807907104, 0.9878182411193848, 0.9999972581863403, 0.5571155548095703, 0.9999997615814209, 1.0, 0.9999998807907104, 1.0, 0.9876329898834229, 0.9980422258377075, 0.9999399185180664, 1.0, 0.9999562501907349, 0.7755016684532166]}