{"y_pred_test": [0, 0, 0, 0, 0, 2, 1, 0, 0, 0, 0, 0, 0, 0, 0, 2, 2, 0, 0, 0, 0, 0, 0, 2, 0, 0, 0, 2, 0, 0, 0, 1, 0, 0, 0, 0, 0, 0, 0, 0, 0, 2, 2, 0, 0, 0, 0, 0, 0, 1, 0, 0, 1, 0, 0, 0, 0, 0, 0, 0, 0, 2, 0, 0, 0, 0, 0, 0, 0, 0, 0, 0, 2, 0, 0, 2, 0, 0, 0, 0, 1, 0, 0, 0, 0, 0, 0, 0, 0, 0, 2, 1, 2, 1, 0, 0, 0, 0, 0, 0, 1, 1, 1, 1, 1, 1, 1, 1, 1, 1, 1, 1, 1, 1, 0, 1, 1, 1, 1, 1, 1, 1, 1, 1, 1, 1, 1, 1, 1, 0, 1, 1, 1, 1, 1, 1, 1, 1, 1, 1, 1, 1, 1, 1, 1, 1, 1, 1, 1, 1, 1, 1, 1, 1, 2, 1, 1, 1, 1, 1, 1, 1, 1, 2, 1, 1, 1, 0, 1, 1, 1, 1, 1, 1, 1, 1, 1, 1, 1, 1, 1, 1, 1, 1, 1, 2, 1, 1, 1, 1, 1, 1, 1, 1, 0, 1, 1, 1, 1, 1, 2, 2, 2, 2, 0, 2, 2, 0, 2, 2, 0, 2, 2, 2, 2, 2, 0, 2, 2, 2, 2, 2, 2, 2, 0, 2, 2, 2, 2, 2, 2, 1, 2, 0, 2, 2, 2, 2, 2, 2, 2, 2, 2, 2, 2, 2, 0, 2, 2, 2, 2, 2, 2, 2, 2, 2, 2, 2, 2, 2, 2, 2, 2, 2, 2, 2, 2, 2, 2, 0, 2, 1, 2, 2, 2, 2, 2, 2, 2, 2, 2, 2, 2, 2, 1, 2, 2, 0, 2, 1, 2, 2, 2, 2, 1, 2, 2, 2, 2, 2], "y_proba": [0.9238390326499939, 0.9989288449287415, 1.0, 0.6524177193641663, 0.9994660019874573, 0.5909311175346375, 0.5502074956893921, 0.9999858140945435, 0.9969507455825806, 0.9999998807907104, 0.9999996423721313, 0.9994194507598877, 0.9526515007019043, 0.8555061221122742, 0.9990718364715576, 0.9891160130500793, 0.9961677193641663, 0.9102801084518433, 1.0, 0.9830001592636108, 0.9999992847442627, 1.0, 1.0, 0.891226589679718, 0.9999998807907104, 0.9878465533256531, 0.9988395571708679, 0.9727327823638916, 0.9987735152244568, 0.9781787991523743, 0.9988915324211121, 0.997021496295929, 0.9848425388336182, 0.9959473013877869, 0.9999699592590332, 1.0, 0.9999650716781616, 1.0, 0.9997283816337585, 0.999051034450531, 0.822175920009613, 1.0, 0.9569845795631409, 1.0, 0.9268694519996643, 0.9999943971633911, 0.999955415725708, 0.9934136271476746, 0.9999996423721313, 0.6763207912445068, 0.9998884201049805, 0.9973081350326538, 0.7144895792007446, 0.9972996115684509, 0.9803475141525269, 0.4422346353530884, 0.9999997615814209, 0.9988564252853394, 0.9999134540557861, 0.711542010307312, 0.9999096393585205, 0.8720057606697083, 0.9938496947288513, 0.9994361996650696, 0.9743311405181885, 0.99901282787323, 0.9989125728607178, 0.9992581009864807, 0.9785665273666382, 0.9389164447784424, 0.9360697865486145, 0.8790515661239624, 0.9661061763763428, 0.9500053524971008, 0.9976233839988708, 0.9660287499427795, 0.9941149950027466, 0.7143694162368774, 0.8373679518699646, 1.0, 0.8952088952064514, 0.9999996423721313, 0.9993576407432556, 0.9944944977760315, 0.9572734236717224, 0.9988458156585693, 0.9999825954437256, 0.9999644756317139, 0.5268733501434326, 0.9279730319976807, 0.8427208065986633, 0.9883543252944946, 0.9569370746612549, 0.9947239756584167, 0.6787151098251343, 0.9999991655349731, 0.7289557456970215, 0.999782145023346, 0.9999895095825195, 0.8855597376823425, 0.9999690055847168, 0.9993246793746948, 0.8065468072891235, 0.9970359802246094, 1.0, 1.0, 0.9999302625656128, 0.9999953508377075, 0.9999867677688599, 0.987999439239502, 0.9332703351974487, 0.9994155168533325, 0.9999973773956299, 0.9999986886978149, 0.98451828956604, 0.999932050704956, 1.0, 1.0, 0.9998301267623901, 0.9993640780448914, 0.9790600538253784, 0.9987143278121948, 0.999885082244873, 1.0, 0.999872088432312, 1.0, 0.9995474219322205, 0.9935352802276611, 0.9999959468841553, 0.6968770027160645, 0.9999878406524658, 0.9999502897262573, 0.9999990463256836, 0.991678774356842, 0.9907065033912659, 0.9980282187461853, 0.9998589754104614, 0.9249286651611328, 0.9999905824661255, 1.0, 0.9077927470207214, 0.9931873083114624, 1.0, 0.9998177886009216, 0.9998601675033569, 0.81525057554245, 1.0, 0.9102670550346375, 0.9999980926513672, 0.999153733253479, 0.9999995231628418, 0.9999873638153076, 0.9993575215339661, 0.9999884366989136, 0.9277542233467102, 0.9997268319129944, 0.9997081160545349, 1.0, 0.9069303870201111, 0.999998927116394, 1.0, 0.9999998807907104, 0.9999903440475464, 0.5717247128486633, 0.996292233467102, 0.9817134737968445, 1.0, 0.6953854560852051, 0.9608463048934937, 0.9999971389770508, 0.9996746778488159, 0.9999568462371826, 1.0, 0.8681169748306274, 0.9999909400939941, 1.0, 0.9970335960388184, 0.9753373265266418, 0.9996589422225952, 0.9967648983001709, 0.9990346431732178, 0.9984084963798523, 0.9994072914123535, 1.0, 1.0, 0.9997802376747131, 0.9999866485595703, 0.9999998807907104, 1.0, 1.0, 0.9999974966049194, 0.9999512434005737, 1.0, 1.0, 0.653743326663971, 0.8179503083229065, 1.0, 0.9999535083770752, 0.9940580129623413, 1.0, 0.9999043941497803, 0.9921247363090515, 0.9999904632568359, 0.999832034111023, 0.960289716720581, 0.9999991655349731, 0.8496989011764526, 0.628171443939209, 0.9200251698493958, 0.9895961880683899, 0.9336215257644653, 0.9997854828834534, 0.9944940209388733, 0.8077335953712463, 0.9999703168869019, 0.9997575879096985, 0.997646152973175, 0.9998268485069275, 0.950624942779541, 1.0, 0.999997615814209, 0.9999165534973145, 0.9999219179153442, 0.9999819993972778, 0.7693616151809692, 0.9999676942825317, 0.9986306428909302, 0.5989033579826355, 1.0, 0.9754452705383301, 0.8420460224151611, 0.9479737281799316, 0.9956061244010925, 0.8514856100082397, 0.999961256980896, 0.9996138215065002, 0.9992964267730713, 0.5798377990722656, 0.9999406337738037, 0.9999682903289795, 1.0, 0.9347946643829346, 0.9998968839645386, 0.9963678121566772, 0.9999966621398926, 1.0, 0.9840860366821289, 0.9999587535858154, 0.99996018409729, 0.9999697208404541, 1.0, 0.999985933303833, 0.9980664849281311, 0.9995911717414856, 0.9995075464248657, 0.9999998807907104, 0.9990811347961426, 0.9996869564056396, 0.9999674558639526, 0.9995105266571045, 0.8995248675346375, 0.9999512434005737, 0.9940794706344604, 0.9983555674552917, 0.9999152421951294, 1.0, 0.9991852641105652, 0.8160303831100464, 0.9997963309288025, 0.6686451435089111, 0.9998505115509033, 0.8150827884674072, 0.9999991655349731, 0.9999955892562866, 0.9990491271018982, 0.999526858329773, 0.9999994039535522, 1.0, 0.9886723160743713, 0.9975503087043762, 0.985539972782135, 0.9999480247497559, 0.9999667406082153, 0.9978437423706055, 0.9977797865867615, 0.9636564254760742, 0.9987229704856873, 0.5474213361740112, 0.9985358715057373, 0.9904286861419678, 0.9999697208404541, 1.0, 0.9999808073043823, 0.9999998807907104, 0.9807965755462646, 0.806007444858551, 0.9914596080780029, 0.9999927282333374, 0.9819428324699402, 0.9498891830444336]}