{"y_pred_test": [0, 0, 0, 0, 0, 2, 2, 0, 0, 0, 0, 0, 0, 0, 0, 2, 2, 0, 0, 2, 0, 0, 0, 2, 0, 2, 0, 2, 0, 0, 0, 0, 0, 0, 0, 0, 0, 0, 0, 0, 2, 2, 0, 0, 0, 0, 2, 0, 0, 2, 0, 0, 1, 0, 0, 0, 0, 0, 0, 2, 0, 2, 0, 0, 0, 0, 0, 0, 0, 0, 0, 0, 2, 2, 0, 2, 0, 0, 0, 0, 1, 0, 0, 0, 0, 0, 0, 0, 0, 0, 0, 0, 2, 0, 0, 0, 0, 0, 0, 0, 1, 1, 1, 1, 1, 1, 1, 1, 1, 1, 1, 1, 1, 1, 0, 1, 1, 1, 1, 0, 2, 1, 1, 1, 1, 1, 0, 1, 1, 0, 0, 1, 1, 0, 0, 2, 1, 2, 1, 1, 2, 1, 1, 1, 1, 0, 1, 1, 1, 2, 1, 1, 1, 1, 2, 0, 1, 1, 0, 1, 1, 1, 1, 2, 1, 2, 1, 0, 1, 1, 1, 1, 1, 2, 1, 1, 2, 1, 1, 1, 1, 1, 1, 1, 1, 2, 1, 1, 1, 1, 1, 1, 1, 1, 1, 1, 1, 1, 1, 1, 2, 2, 2, 2, 0, 2, 2, 0, 2, 2, 2, 2, 2, 0, 2, 2, 0, 0, 2, 2, 2, 2, 2, 2, 2, 2, 2, 0, 2, 2, 2, 2, 2, 0, 2, 2, 2, 0, 2, 2, 2, 2, 2, 2, 2, 2, 2, 2, 2, 2, 2, 2, 2, 2, 2, 2, 2, 2, 2, 1, 2, 2, 2, 2, 2, 2, 2, 2, 2, 0, 2, 2, 2, 2, 2, 2, 2, 2, 2, 2, 2, 2, 2, 2, 2, 2, 2, 0, 2, 2, 2, 2, 2, 2, 2, 2, 2, 2, 2, 2], "y_proba": [0.785912811756134, 0.9830725193023682, 0.999616265296936, 0.5851801037788391, 0.8658861517906189, 0.7172719836235046, 0.6594296097755432, 0.981570303440094, 0.8375133872032166, 0.9979773163795471, 0.9759021401405334, 0.8391150236129761, 0.6494314670562744, 0.6686714291572571, 0.9982810020446777, 0.8298283815383911, 0.49789613485336304, 0.809860110282898, 0.9783909916877747, 0.8793473839759827, 0.9994195699691772, 0.9843900799751282, 0.9999178647994995, 0.9055616855621338, 0.9999966621398926, 0.7101488709449768, 0.8572759628295898, 0.7889375686645508, 0.824099063873291, 0.917574942111969, 0.46842557191848755, 0.9230545163154602, 0.7508355379104614, 0.8790559768676758, 0.9831447601318359, 0.9999357461929321, 0.9813829064369202, 0.9998490810394287, 0.9041059613227844, 0.9070978760719299, 0.8801380395889282, 0.9969018697738647, 0.49632588028907776, 0.997312605381012, 0.8275585174560547, 0.9999966621398926, 0.5147615671157837, 0.9010379910469055, 0.8044592142105103, 0.9697957634925842, 0.9888958930969238, 0.7733427286148071, 0.6881870031356812, 0.9818264245986938, 0.615479052066803, 0.5312387347221375, 0.997916042804718, 0.9639339447021484, 0.7562085390090942, 0.5081390738487244, 0.9963312745094299, 0.9648030996322632, 0.8942003846168518, 0.9915886521339417, 0.7912805676460266, 0.9926838278770447, 0.9330914616584778, 0.9125944972038269, 0.5771245360374451, 0.8085167407989502, 0.9579315185546875, 0.9917330741882324, 0.977906346321106, 0.7458932995796204, 0.6671819090843201, 0.4244277775287628, 0.9541341066360474, 0.8434025049209595, 0.7453033328056335, 0.8825083374977112, 0.7713521122932434, 0.9613467454910278, 0.9728937149047852, 0.8303999304771423, 0.947596549987793, 0.9403482675552368, 0.9963405728340149, 0.9662643074989319, 0.6697739362716675, 0.48055925965309143, 0.48655053973197937, 0.7620852589607239, 0.9625647068023682, 0.8053707480430603, 0.7299940586090088, 0.9979649782180786, 0.8052802085876465, 0.9477835893630981, 0.9722889065742493, 0.9066023826599121, 0.9972084164619446, 0.9006466269493103, 0.9295728802680969, 0.8689607381820679, 0.9866859912872314, 0.9999394416809082, 0.895972490310669, 0.9982267022132874, 0.98155277967453, 0.9158099889755249, 0.5390994548797607, 0.8818069100379944, 0.9636766910552979, 0.9820724129676819, 0.6699341535568237, 0.8648852109909058, 0.992165207862854, 0.9996471405029297, 0.8540197610855103, 0.8249263763427734, 0.4681912958621979, 0.8514948487281799, 0.6897779703140259, 0.9971240162849426, 0.9397105574607849, 0.9769779443740845, 0.46153566241264343, 0.947443962097168, 0.9874820709228516, 0.8977105617523193, 0.6063105463981628, 0.8865872025489807, 0.9975727200508118, 0.6148076057434082, 0.4740173816680908, 0.6991081237792969, 0.8943551778793335, 0.8270728588104248, 0.9382268190383911, 0.999562680721283, 0.37467047572135925, 0.5697192549705505, 0.9992660880088806, 0.8830784559249878, 0.9332727193832397, 0.389372855424881, 0.5679063200950623, 0.7521399855613708, 0.9973738193511963, 0.650089681148529, 0.9422629475593567, 0.9806025624275208, 0.9185990691184998, 0.9636132717132568, 0.7548916339874268, 0.3685685396194458, 0.908146858215332, 0.9947330951690674, 0.34717515110969543, 0.9943610429763794, 0.9893718361854553, 0.991066038608551, 0.973427414894104, 0.984367311000824, 0.9531546235084534, 0.620461106300354, 0.9943159222602844, 0.47887924313545227, 0.8576727509498596, 0.9519097805023193, 0.8171669244766235, 0.744454562664032, 0.9987425208091736, 0.8787811994552612, 0.4915176033973694, 0.9997178912162781, 0.7361902594566345, 0.6526631116867065, 0.566922664642334, 0.9114354848861694, 0.8300068974494934, 0.7819381356239319, 0.6490993499755859, 0.9981440305709839, 0.9998749494552612, 0.987154483795166, 0.854955792427063, 0.9561744332313538, 0.9932992458343506, 0.9959422945976257, 0.9292019009590149, 0.8068211078643799, 0.999078631401062, 0.9973211884498596, 0.7660604119300842, 0.5232506394386292, 0.9999315738677979, 0.9947329759597778, 0.8387863039970398, 0.7138022184371948, 0.9280601739883423, 0.5189966559410095, 0.985821545124054, 0.8943181037902832, 0.9503962397575378, 0.9903259873390198, 0.9360621571540833, 0.44440242648124695, 0.9975987076759338, 0.9630952477455139, 0.682056188583374, 0.6872824430465698, 0.9846055507659912, 0.3806743025779724, 0.9893726706504822, 0.9681177735328674, 0.9516817331314087, 0.9157302975654602, 0.7648499011993408, 0.9999923706054688, 0.9919601082801819, 0.9653562307357788, 0.9926415085792542, 0.9899486303329468, 0.8491129875183105, 0.5501919388771057, 0.9970493316650391, 0.5201382637023926, 0.9999920129776001, 0.9993506073951721, 0.803269624710083, 0.9509935975074768, 0.993046224117279, 0.6542937755584717, 0.9994909763336182, 0.9946087598800659, 0.9687191247940063, 0.8131453990936279, 0.9938182234764099, 0.9523161053657532, 0.9999356269836426, 0.9984204769134521, 0.9996674060821533, 0.9905969500541687, 0.9995552897453308, 0.9999864101409912, 0.6631612181663513, 0.9999606609344482, 0.9916759729385376, 0.9921658039093018, 0.9999982118606567, 0.993013322353363, 0.9869298934936523, 0.9973374009132385, 0.9929304122924805, 0.9960105419158936, 0.943146824836731, 0.9991204142570496, 0.994080126285553, 0.73955237865448, 0.9669723510742188, 0.9997374415397644, 0.9644906520843506, 0.9717669486999512, 0.9999313354492188, 0.9998347759246826, 0.8159006834030151, 0.8959861993789673, 0.9994181394577026, 0.7736358642578125, 0.9977849125862122, 0.4321000874042511, 0.9988584518432617, 0.9996656179428101, 0.9984531402587891, 0.9839184284210205, 0.9999372959136963, 0.999663233757019, 0.9795093536376953, 0.8117661476135254, 0.9862729907035828, 0.9995244741439819, 0.9808314442634583, 0.7939012050628662, 0.9846408367156982, 0.844815731048584, 0.972044825553894, 0.9642547965049744, 0.9925563931465149, 0.9668998122215271, 0.9997387528419495, 0.9996142387390137, 0.9995267391204834, 0.994132936000824, 0.5859809517860413, 0.8894491195678711, 0.9758510589599609, 0.745537281036377, 0.8626306653022766, 0.85652095079422]}