{"accuracy": [0.38333332538604736, 0.5479999780654907, 0.6366666555404663, 0.6740000247955322, 0.734000027179718, 0.7319999933242798, 0.7546666860580444, 0.7586666941642761, 0.7826666831970215, 0.7839999794960022, 0.8019999861717224, 0.8166666626930237, 0.8106666803359985, 0.812666654586792, 0.828000009059906, 0.8373333215713501, 0.8613333106040955, 0.8633333444595337, 0.8726666569709778, 0.8659999966621399, 0.8833333253860474, 0.874666690826416, 0.8953333497047424, 0.8840000033378601, 0.9020000100135803, 0.8899999856948853, 0.8913333415985107, 0.8980000019073486, 0.9279999732971191, 0.9066666960716248], "val_accuracy": [0.5, 0.6833333373069763, 0.6666666865348816, 0.7166666388511658, 0.7166666388511658, 0.7166666388511658, 0.7233333587646484, 0.7733333110809326, 0.7866666913032532, 0.7566666603088379, 0.7699999809265137, 0.7566666603088379, 0.7833333611488342, 0.7933333516120911, 0.7933333516120911, 0.7933333516120911, 0.7900000214576721, 0.7900000214576721, 0.8100000023841858, 0.8399999737739563, 0.8066666722297668, 0.8100000023841858, 0.8100000023841858, 0.8233333230018616, 0.8233333230018616, 0.8366666436195374, 0.8233333230018616, 0.8366666436195374, 0.8199999928474426, 0.8399999737739563]}