{"accuracy": [0.4659999907016754, 0.659333348274231, 0.7379999756813049, 0.7306666374206543, 0.7673333287239075, 0.7953333258628845, 0.8286666870117188, 0.8153333067893982, 0.8306666612625122, 0.8473333120346069, 0.8820000290870667, 0.8986666798591614, 0.9106666445732117, 0.9106666445732117, 0.9353333115577698, 0.9486666917800903, 0.9480000138282776, 0.9486666917800903, 0.9480000138282776, 0.9606666564941406, 0.9793333411216736, 0.9753333330154419, 0.9860000014305115, 0.984666645526886, 0.9673333168029785, 0.968666672706604, 0.9693333506584167, 0.9746666550636292, 0.9806666374206543, 0.9806666374206543], "val_accuracy": [0.6333333253860474, 0.7066666483879089, 0.7266666889190674, 0.7566666603088379, 0.7599999904632568, 0.7633333206176758, 0.800000011920929, 0.7666666507720947, 0.8066666722297668, 0.8299999833106995, 0.8566666841506958, 0.7699999809265137, 0.8433333039283752, 0.8799999952316284, 0.8700000047683716, 0.8700000047683716, 0.846666693687439, 0.8266666531562805, 0.8700000047683716, 0.8633333444595337, 0.8733333349227905, 0.8666666746139526, 0.8600000143051147, 0.8633333444595337, 0.8433333039283752, 0.8500000238418579, 0.79666668176651, 0.8666666746139526, 0.8533333539962769, 0.8366666436195374]}