{"accuracy": [0.4339999854564667, 0.6693333387374878, 0.7379999756813049, 0.7413333058357239, 0.7946666479110718, 0.812666654586792, 0.8346666693687439, 0.8453333377838135, 0.8566666841506958, 0.887333333492279, 0.9046666622161865, 0.9193333387374878, 0.9293333292007446, 0.9393333196640015, 0.9079999923706055, 0.9380000233650208, 0.9599999785423279, 0.9653333425521851, 0.9606666564941406, 0.9726666808128357, 0.9826666712760925, 0.9806666374206543, 0.9693333506584167, 0.984666645526886, 0.9746666550636292, 0.9593333601951599, 0.9653333425521851, 0.987333357334137, 0.9866666793823242, 0.9860000014305115], "val_accuracy": [0.5899999737739563, 0.7200000286102295, 0.6600000262260437, 0.7633333206176758, 0.79666668176651, 0.8199999928474426, 0.8266666531562805, 0.8266666531562805, 0.8333333134651184, 0.846666693687439, 0.8633333444595337, 0.8533333539962769, 0.8733333349227905, 0.8266666531562805, 0.8033333420753479, 0.8566666841506958, 0.8733333349227905, 0.8866666555404663, 0.8833333253860474, 0.8766666650772095, 0.8666666746139526, 0.8833333253860474, 0.8899999856948853, 0.8733333349227905, 0.8600000143051147, 0.8399999737739563, 0.8600000143051147, 0.8666666746139526, 0.8433333039283752, 0.8666666746139526]}