{"accuracy": [0.40400001406669617, 0.5773333311080933, 0.6633333563804626, 0.7059999704360962, 0.7486666440963745, 0.7639999985694885, 0.7960000038146973, 0.7979999780654907, 0.7986666560173035, 0.8386666774749756, 0.8453333377838135, 0.871999979019165, 0.8773333430290222, 0.9020000100135803, 0.903333306312561, 0.9113333225250244, 0.9340000152587891, 0.9273333549499512, 0.9333333373069763, 0.9399999976158142, 0.9486666917800903, 0.9393333196640015, 0.9580000042915344, 0.9526666402816772, 0.9726666808128357, 0.9613333344459534, 0.9639999866485596, 0.972000002861023, 0.9753333330154419, 0.9706666469573975], "val_accuracy": [0.6166666746139526, 0.6366666555404663, 0.6899999976158142, 0.7133333086967468, 0.7633333206176758, 0.7766666412353516, 0.7833333611488342, 0.8133333325386047, 0.7933333516120911, 0.7866666913032532, 0.8399999737739563, 0.8133333325386047, 0.8133333325386047, 0.8333333134651184, 0.8666666746139526, 0.8299999833106995, 0.8633333444595337, 0.8433333039283752, 0.8566666841506958, 0.8700000047683716, 0.8566666841506958, 0.8399999737739563, 0.8633333444595337, 0.8733333349227905, 0.8566666841506958, 0.8233333230018616, 0.8366666436195374, 0.8799999952316284, 0.8566666841506958, 0.8533333539962769]}