{"y_pred_test": [0, 0, 0, 2, 0, 0, 0, 0, 0, 0, 0, 0, 0, 0, 0, 0, 2, 1, 0, 2, 0, 0, 0, 2, 0, 2, 0, 2, 0, 0, 0, 0, 0, 0, 0, 0, 0, 0, 0, 0, 0, 2, 2, 0, 0, 0, 2, 0, 0, 2, 0, 0, 1, 0, 0, 2, 0, 0, 0, 0, 0, 2, 0, 0, 0, 0, 0, 0, 1, 0, 1, 0, 2, 2, 0, 2, 0, 0, 0, 0, 0, 0, 0, 0, 0, 0, 0, 0, 0, 0, 0, 0, 2, 0, 0, 0, 0, 0, 0, 0, 1, 1, 1, 1, 1, 1, 1, 1, 1, 1, 2, 1, 1, 1, 2, 1, 1, 1, 1, 1, 1, 1, 1, 1, 1, 1, 1, 1, 1, 1, 1, 1, 1, 1, 0, 0, 1, 2, 1, 1, 0, 1, 1, 1, 1, 0, 1, 1, 1, 0, 1, 1, 1, 1, 2, 1, 1, 1, 0, 1, 1, 1, 1, 2, 1, 0, 1, 1, 1, 1, 1, 1, 1, 2, 0, 1, 1, 1, 1, 0, 1, 1, 1, 1, 1, 1, 1, 1, 1, 1, 1, 1, 1, 1, 0, 1, 1, 1, 1, 1, 2, 2, 2, 2, 0, 2, 2, 2, 2, 2, 0, 2, 2, 0, 2, 2, 0, 0, 2, 2, 2, 2, 2, 2, 0, 2, 2, 2, 2, 2, 2, 2, 2, 1, 2, 2, 2, 0, 2, 2, 2, 2, 2, 2, 2, 2, 0, 2, 2, 2, 2, 2, 2, 2, 2, 2, 2, 2, 2, 1, 2, 2, 2, 2, 2, 2, 2, 2, 2, 2, 2, 2, 2, 2, 2, 2, 2, 2, 2, 2, 2, 2, 2, 2, 1, 2, 2, 0, 2, 1, 2, 2, 2, 2, 1, 2, 2, 2, 2, 2], "y_proba": [0.9995390176773071, 0.9996578693389893, 0.999997615814209, 0.661049485206604, 0.9164013862609863, 0.6963156461715698, 0.8499817252159119, 0.9943301677703857, 0.9495068192481995, 0.9993022680282593, 0.9998875856399536, 0.9564769268035889, 0.9483319520950317, 0.9282422661781311, 0.9997969269752502, 0.86812824010849, 0.5406392812728882, 0.9732344150543213, 0.999994158744812, 0.9825953245162964, 0.999961256980896, 0.9985941052436829, 1.0, 0.9307337403297424, 1.0, 0.920394778251648, 0.9414520263671875, 0.9887154698371887, 0.5720553994178772, 0.9177631735801697, 0.41642606258392334, 0.7950406074523926, 0.7698885202407837, 0.9941905736923218, 0.9999550580978394, 0.9999996423721313, 0.9896530508995056, 0.9999997615814209, 0.9997748732566833, 0.953840434551239, 0.8204498887062073, 0.9999932050704956, 0.7463192939758301, 0.9999765157699585, 0.9403970837593079, 0.9999992847442627, 0.9373028874397278, 0.97756427526474, 0.960801362991333, 0.994255006313324, 0.9999345541000366, 0.9766517281532288, 0.8750483393669128, 0.9898484349250793, 0.9084382653236389, 0.6794421672821045, 0.9994632601737976, 0.8813012838363647, 0.5105118155479431, 0.8591809272766113, 0.9998390674591064, 0.9975525736808777, 0.9862533211708069, 0.9993228912353516, 0.9964916110038757, 0.9618300795555115, 0.9034865498542786, 0.7422824501991272, 0.9750255346298218, 0.9738906621932983, 0.5464480519294739, 0.9921505451202393, 0.9982299208641052, 0.9997478127479553, 0.9050842523574829, 0.4732535183429718, 0.9977290034294128, 0.8595805764198303, 0.8983129262924194, 0.5989106297492981, 0.8367287516593933, 0.9999419450759888, 0.9898006319999695, 0.9812517166137695, 0.9741432070732117, 0.985323965549469, 0.999981164932251, 0.9997753500938416, 0.8525457978248596, 0.9732937812805176, 0.5574955344200134, 0.9642244577407837, 0.9628003835678101, 0.7808632850646973, 0.9668402671813965, 0.9995112419128418, 0.8749266862869263, 0.993749737739563, 0.825910210609436, 0.8425295948982239, 0.9999282360076904, 0.9987418055534363, 0.9746282696723938, 0.9495853781700134, 0.9995958209037781, 0.9999998807907104, 0.9999979734420776, 0.9999970197677612, 0.9996780157089233, 0.9290956854820251, 0.8812747001647949, 0.9834516048431396, 0.9750652313232422, 0.9956992864608765, 0.7564162015914917, 0.9916810393333435, 0.9999996423721313, 0.9999985694885254, 0.9965556859970093, 0.5367468595504761, 0.7640469074249268, 0.9881365299224854, 0.8030921220779419, 0.9999994039535522, 0.9991164803504944, 0.9999988079071045, 0.9831603169441223, 0.9959397315979004, 0.9997332692146301, 0.5973241329193115, 0.6409785151481628, 0.9989217519760132, 0.9999994039535522, 0.6297687292098999, 0.5708130598068237, 0.8604104518890381, 0.8923720717430115, 0.8487100601196289, 0.9999908208847046, 0.9999998807907104, 0.4288329780101776, 0.6905658841133118, 1.0, 0.9995993971824646, 0.995298445224762, 0.9437127709388733, 0.9990053772926331, 0.9999967813491821, 0.9999948740005493, 0.9338176250457764, 0.9898927807807922, 0.9998544454574585, 0.9958773851394653, 0.9986057877540588, 0.7745838761329651, 0.8312819004058838, 0.9998517036437988, 0.9999959468841553, 0.341798335313797, 0.9999940395355225, 0.9805837869644165, 0.999967098236084, 0.9996373653411865, 0.9856480360031128, 0.9985308647155762, 0.9416441917419434, 0.9994727969169617, 0.9862439036369324, 0.9882549047470093, 0.9995219707489014, 0.9786962270736694, 0.9814401268959045, 1.0, 0.9276351928710938, 0.490477591753006, 1.0, 0.9893749952316284, 0.6786864399909973, 0.9968900084495544, 0.6895373463630676, 0.9389728903770447, 0.9297633171081543, 0.63059401512146, 0.9999803304672241, 0.9999967813491821, 0.8630751371383667, 0.9993509650230408, 0.9999771118164062, 0.9999948740005493, 0.9999984502792358, 0.9974505305290222, 0.9888228178024292, 0.9999958276748657, 0.9941695928573608, 0.9744870662689209, 0.7761540412902832, 1.0, 0.999883770942688, 0.9826158285140991, 0.9973721504211426, 0.9352771043777466, 0.9104730486869812, 0.9999136924743652, 0.9892852902412415, 0.9754121899604797, 0.9999810457229614, 0.9662657380104065, 0.6574071049690247, 0.8987456560134888, 0.7533789873123169, 0.9956570863723755, 0.9987266659736633, 0.9960338473320007, 0.8404862880706787, 0.9999364614486694, 0.9999682903289795, 0.7813172340393066, 0.7937213778495789, 0.9990585446357727, 0.9999996423721313, 0.9999957084655762, 0.997812032699585, 0.9984203577041626, 0.9998815059661865, 0.6365667581558228, 0.9945908784866333, 0.9944316744804382, 0.9031044244766235, 0.9999995231628418, 0.999824583530426, 0.8748731017112732, 0.9558994174003601, 0.9998514652252197, 0.5122767090797424, 0.99104905128479, 0.9993240833282471, 0.9996625185012817, 0.6844987869262695, 0.9904800057411194, 0.9992608428001404, 0.9999982118606567, 0.9999388456344604, 0.9999288320541382, 0.9800418019294739, 0.9999860525131226, 0.9999997615814209, 0.9681509733200073, 0.99967360496521, 0.9997879862785339, 0.9977362155914307, 0.9999998807907104, 0.9999991655349731, 0.9975962042808533, 0.9964738488197327, 0.9999963045120239, 0.9999772310256958, 0.9988555908203125, 0.9954912066459656, 0.9928116202354431, 0.9769310355186462, 0.999983549118042, 0.9995681643486023, 0.9934061765670776, 0.9346500039100647, 0.9999903440475464, 0.9999982118606567, 0.9972407817840576, 0.39383402466773987, 0.9764938950538635, 0.5724585652351379, 0.9999954700469971, 0.7771819829940796, 0.9999580383300781, 0.9999911785125732, 0.9998793601989746, 0.99962317943573, 0.9999982118606567, 0.9999998807907104, 0.9942071437835693, 0.9722694754600525, 0.9900285601615906, 0.999991774559021, 0.9815654754638672, 0.9439923763275146, 0.933379054069519, 0.7017838954925537, 0.9811694025993347, 0.8911990523338318, 0.9999942779541016, 0.9918131828308105, 0.9962934851646423, 0.9999794960021973, 0.9999997615814209, 0.9994370341300964, 0.7141083478927612, 0.9581047892570496, 0.9702392220497131, 0.8575094938278198, 0.9894090890884399, 0.626176655292511]}