{"y_pred_test": [1, 0, 0, 2, 0, 0, 1, 0, 0, 0, 0, 0, 0, 0, 0, 2, 2, 1, 0, 2, 0, 0, 0, 2, 0, 2, 0, 2, 0, 0, 0, 1, 0, 0, 0, 0, 0, 0, 0, 0, 2, 2, 2, 0, 0, 0, 2, 0, 1, 2, 0, 0, 0, 0, 0, 2, 0, 0, 1, 0, 0, 2, 1, 0, 0, 0, 0, 0, 0, 0, 0, 0, 2, 0, 0, 2, 0, 0, 0, 0, 1, 0, 0, 0, 0, 0, 0, 0, 1, 0, 0, 0, 2, 1, 0, 0, 0, 0, 0, 0, 1, 1, 1, 1, 1, 1, 1, 1, 1, 1, 1, 1, 1, 1, 1, 1, 1, 1, 1, 1, 1, 1, 1, 1, 1, 1, 1, 1, 1, 1, 1, 1, 1, 1, 1, 1, 1, 1, 1, 1, 1, 1, 1, 1, 1, 1, 1, 1, 1, 1, 1, 1, 1, 1, 1, 1, 1, 1, 1, 1, 1, 1, 1, 2, 1, 0, 1, 1, 1, 1, 1, 1, 1, 1, 1, 1, 1, 1, 1, 1, 1, 1, 1, 1, 1, 1, 1, 1, 1, 1, 1, 1, 1, 1, 0, 0, 1, 1, 1, 1, 2, 2, 2, 2, 0, 2, 2, 2, 2, 2, 0, 2, 2, 2, 2, 2, 0, 2, 2, 2, 2, 2, 2, 2, 0, 2, 2, 2, 2, 2, 2, 0, 2, 1, 2, 2, 2, 2, 2, 2, 2, 2, 2, 2, 2, 2, 1, 2, 2, 2, 2, 2, 2, 2, 2, 2, 2, 2, 2, 2, 2, 2, 2, 2, 2, 2, 2, 1, 1, 2, 2, 1, 2, 2, 2, 2, 2, 2, 2, 2, 2, 2, 2, 2, 1, 2, 2, 0, 2, 1, 2, 2, 2, 2, 1, 2, 2, 2, 2, 1], "y_proba": [0.7907281517982483, 0.9998058676719666, 1.0, 0.8989918231964111, 0.8885941505432129, 0.9897370934486389, 0.8931968212127686, 0.7257139682769775, 0.9926257729530334, 0.9990866184234619, 0.9994224309921265, 0.990659236907959, 0.9899405837059021, 0.9805669188499451, 0.9988100528717041, 0.9937521815299988, 0.9212737083435059, 0.9905666708946228, 0.9985405206680298, 0.9721387028694153, 0.9999462366104126, 0.9846107363700867, 0.9999988079071045, 0.9989948868751526, 0.9999998807907104, 0.9366429448127747, 0.9869770407676697, 0.7152661681175232, 0.7290544509887695, 0.8189142346382141, 0.9926379919052124, 0.9999518394470215, 0.9312540292739868, 0.9793969392776489, 0.9842836856842041, 1.0, 0.989929735660553, 0.9999998807907104, 0.8229953646659851, 0.9852989912033081, 0.6796246767044067, 0.9999971389770508, 0.8174049854278564, 0.9999967813491821, 0.9862236380577087, 0.9999998807907104, 0.9932401180267334, 0.902505099773407, 0.9970898628234863, 0.6036015152931213, 0.9994163513183594, 0.5599531531333923, 0.656825065612793, 0.9908068776130676, 0.9285956621170044, 0.6788261532783508, 0.9999526739120483, 0.9233860969543457, 0.707923173904419, 0.5136011242866516, 0.9991275668144226, 0.9696584343910217, 0.5015266537666321, 0.9999330043792725, 0.7627931833267212, 0.9981393814086914, 0.7751627564430237, 0.9824498891830444, 0.9841549396514893, 0.884248673915863, 0.9833943843841553, 0.9999949932098389, 0.9994901418685913, 0.9968915581703186, 0.980059802532196, 0.9112975597381592, 0.9981030225753784, 0.9838024377822876, 0.5582073926925659, 0.9611716270446777, 0.9756642580032349, 0.9999799728393555, 0.9872972965240479, 0.9378312826156616, 0.9998242259025574, 0.9904407262802124, 0.9998486042022705, 0.9983354210853577, 0.5816024541854858, 0.9962724447250366, 0.6771624684333801, 0.9737454652786255, 0.9624345302581787, 0.8724762797355652, 0.8076164126396179, 0.9996427297592163, 0.8522807359695435, 0.9960715770721436, 0.9996199607849121, 0.8662894368171692, 0.9999958276748657, 0.9994388222694397, 0.9935303330421448, 0.9987354874610901, 1.0, 0.9999985694885254, 0.999984860420227, 0.9999719858169556, 1.0, 0.9815770983695984, 0.7002308368682861, 0.9998657703399658, 0.9997491240501404, 0.9999920129776001, 0.790725588798523, 0.9999159574508667, 1.0, 1.0, 0.9913192391395569, 0.9998237490653992, 0.9999299049377441, 0.9998118281364441, 0.9998480081558228, 0.9999998807907104, 0.9980734586715698, 0.9999998807907104, 0.9981266856193542, 0.9998681545257568, 0.9999998807907104, 0.9569422006607056, 0.9914554953575134, 0.9999988079071045, 0.9999958276748657, 0.9972478747367859, 0.7768272161483765, 0.9999632835388184, 0.9998753070831299, 0.9962471127510071, 0.9999352693557739, 0.9999995231628418, 0.7640351057052612, 0.9994014501571655, 1.0, 0.9998524188995361, 0.9994428753852844, 0.490484356880188, 0.9999992847442627, 0.9999908208847046, 0.9999977350234985, 0.9990872144699097, 0.9994774460792542, 0.9999923706054688, 0.9944949746131897, 0.9996899366378784, 0.9146010279655457, 0.9999933242797852, 0.8773305416107178, 1.0, 0.8720404505729675, 0.9999991655349731, 0.9999938011169434, 0.9999986886978149, 0.9997946619987488, 0.7326748371124268, 0.9988951086997986, 0.6645928621292114, 1.0, 0.8835258483886719, 0.9758242964744568, 0.9999953508377075, 0.9998045563697815, 0.9976436495780945, 1.0, 0.9837491512298584, 0.8032530546188354, 1.0, 0.9982580542564392, 0.9875360131263733, 0.9999417066574097, 0.9985318183898926, 0.9999910593032837, 0.9952170848846436, 0.9992638230323792, 0.9999992847442627, 1.0, 0.5332326292991638, 0.9999617338180542, 0.999996542930603, 0.9999998807907104, 0.9999982118606567, 0.999998927116394, 0.99704509973526, 1.0, 0.999992847442627, 0.9951153993606567, 0.7472547888755798, 1.0, 0.9997735619544983, 0.9982036352157593, 1.0, 0.9994107484817505, 0.9933409094810486, 0.9988011121749878, 0.9994891881942749, 0.9985690116882324, 0.9998672008514404, 0.9852840900421143, 0.9823968410491943, 0.9994239807128906, 0.9872232675552368, 0.6699613928794861, 0.9999339580535889, 0.9988641738891602, 0.9576054215431213, 0.9999971389770508, 0.9999545812606812, 0.9106236696243286, 0.9998558759689331, 0.38108885288238525, 1.0, 0.9999982118606567, 0.9977117776870728, 0.9997933506965637, 0.9998703002929688, 0.35880613327026367, 0.9977533221244812, 0.9986660480499268, 0.9950163960456848, 1.0, 0.9991961121559143, 0.8548588156700134, 0.7630397081375122, 0.9999995231628418, 0.9210770726203918, 0.9999698400497437, 0.999998927116394, 0.9999667406082153, 0.9372165203094482, 0.999790608882904, 0.999768078327179, 0.9999773502349854, 0.9946841597557068, 0.9984503984451294, 0.9991061091423035, 0.9972422122955322, 1.0, 0.4558088183403015, 0.9999833106994629, 0.999704897403717, 0.9950626492500305, 1.0, 0.999998927116394, 0.9997915625572205, 0.9998934268951416, 0.9999791383743286, 0.9999996423721313, 0.9998438358306885, 0.9999344348907471, 0.9999786615371704, 0.960128128528595, 0.9985843896865845, 0.9999876022338867, 0.997138500213623, 0.997289776802063, 0.999920129776001, 1.0, 0.9993191957473755, 0.9992920160293579, 0.8606148362159729, 0.9998173117637634, 0.9999915361404419, 0.9918810725212097, 0.9991763234138489, 0.9999980926513672, 0.9992502331733704, 0.999906063079834, 1.0, 0.9999992847442627, 0.976673424243927, 0.9911475777626038, 0.9966521859169006, 0.9999992847442627, 0.9997393488883972, 0.9994376301765442, 0.972753643989563, 0.9773766994476318, 0.9962140917778015, 0.9767624735832214, 0.9996790885925293, 0.9701079726219177, 0.9999828338623047, 0.9999667406082153, 0.9999990463256836, 0.9999977350234985, 0.8748599886894226, 0.998781144618988, 0.9890991449356079, 0.9931508302688599, 0.973857045173645, 0.7925958037376404]}