{"accuracy": [0.41733333468437195, 0.6053333282470703, 0.7039999961853027, 0.7153333425521851, 0.7433333396911621, 0.75, 0.7820000052452087, 0.8059999942779541, 0.8173333406448364, 0.828000009059906, 0.8560000061988831, 0.8453333377838135, 0.8733333349227905, 0.8846666812896729, 0.8866666555404663, 0.9013333320617676, 0.909333348274231, 0.9273333549499512, 0.9399999976158142, 0.9326666593551636, 0.9493333101272583, 0.9513333439826965, 0.949999988079071, 0.9653333425521851, 0.9626666903495789, 0.9673333168029785, 0.9639999866485596, 0.9700000286102295, 0.968666672706604, 0.9713333249092102, 0.9779999852180481, 0.9706666469573975, 0.9766666889190674, 0.9833333492279053, 0.984000027179718, 0.9753333330154419, 0.9793333411216736, 0.9866666793823242, 0.9733333587646484, 0.972000002861023, 0.984000027179718, 0.9853333234786987, 0.9793333411216736, 0.9833333492279053, 0.9866666793823242, 0.9860000014305115, 0.9900000095367432, 0.9819999933242798, 0.9860000014305115, 0.987333357334137, 0.9919999837875366, 0.9953333139419556, 0.9906666874885559, 0.9946666955947876, 0.996666669845581, 0.9959999918937683, 0.9919999837875366, 0.9913333058357239, 0.9906666874885559, 0.9933333396911621], "val_accuracy": [0.503333330154419, 0.6833333373069763, 0.7166666388511658, 0.7366666793823242, 0.6933333277702332, 0.7699999809265137, 0.7900000214576721, 0.7799999713897705, 0.7666666507720947, 0.7833333611488342, 0.8033333420753479, 0.8233333230018616, 0.8199999928474426, 0.8299999833106995, 0.800000011920929, 0.8333333134651184, 0.8600000143051147, 0.8299999833106995, 0.8299999833106995, 0.8299999833106995, 0.8199999928474426, 0.8566666841506958, 0.8199999928474426, 0.8500000238418579, 0.8600000143051147, 0.8433333039283752, 0.8533333539962769, 0.8733333349227905, 0.8633333444595337, 0.8500000238418579, 0.8399999737739563, 0.8566666841506958, 0.8333333134651184, 0.8533333539962769, 0.846666693687439, 0.8600000143051147, 0.8533333539962769, 0.8500000238418579, 0.8399999737739563, 0.8333333134651184, 0.8633333444595337, 0.8799999952316284, 0.8299999833106995, 0.8633333444595337, 0.8566666841506958, 0.8366666436195374, 0.8333333134651184, 0.8299999833106995, 0.8533333539962769, 0.8500000238418579, 0.846666693687439, 0.8533333539962769, 0.8633333444595337, 0.8733333349227905, 0.8600000143051147, 0.8600000143051147, 0.8666666746139526, 0.846666693687439, 0.8633333444595337, 0.8666666746139526]}