{"accuracy": [0.36933332681655884, 0.4973333477973938, 0.5806666612625122, 0.6453333497047424, 0.6973333358764648, 0.7400000095367432, 0.7453333139419556, 0.7826666831970215, 0.7986666560173035, 0.8026666641235352, 0.8059999942779541, 0.8266666531562805, 0.8493333458900452, 0.8506666421890259, 0.8646666407585144, 0.875333309173584, 0.8813333511352539, 0.8920000195503235, 0.8980000019073486, 0.909333348274231, 0.9233333468437195, 0.9139999747276306, 0.9173333048820496, 0.9166666865348816, 0.9313333630561829, 0.9273333549499512, 0.9480000138282776, 0.9253333210945129, 0.9413333535194397, 0.9466666579246521], "val_accuracy": [0.5166666507720947, 0.6600000262260437, 0.6733333468437195, 0.7066666483879089, 0.7166666388511658, 0.7833333611488342, 0.7900000214576721, 0.8066666722297668, 0.8066666722297668, 0.800000011920929, 0.7733333110809326, 0.8233333230018616, 0.7900000214576721, 0.8100000023841858, 0.79666668176651, 0.8066666722297668, 0.8333333134651184, 0.8133333325386047, 0.8233333230018616, 0.8433333039283752, 0.8233333230018616, 0.8333333134651184, 0.8233333230018616, 0.8166666626930237, 0.8266666531562805, 0.8333333134651184, 0.8100000023841858, 0.8366666436195374, 0.8500000238418579, 0.8399999737739563]}