{"y_pred_test": [1, 0, 0, 2, 0, 2, 2, 0, 0, 0, 0, 0, 0, 0, 0, 2, 2, 1, 0, 0, 0, 0, 0, 2, 0, 0, 0, 0, 0, 0, 0, 1, 0, 0, 0, 0, 0, 0, 0, 0, 2, 2, 2, 0, 0, 0, 0, 0, 0, 2, 0, 0, 1, 0, 0, 0, 0, 0, 0, 0, 0, 2, 0, 0, 0, 0, 0, 0, 1, 0, 0, 0, 2, 0, 0, 0, 0, 0, 0, 0, 0, 0, 0, 0, 0, 0, 0, 0, 0, 0, 2, 0, 0, 1, 0, 0, 0, 0, 0, 0, 1, 1, 2, 1, 1, 1, 1, 1, 1, 1, 1, 1, 1, 1, 2, 1, 1, 1, 1, 1, 1, 1, 1, 1, 1, 1, 1, 1, 1, 1, 1, 1, 1, 1, 0, 1, 1, 1, 1, 1, 1, 1, 1, 1, 1, 1, 1, 1, 1, 1, 1, 1, 1, 1, 2, 1, 1, 1, 1, 1, 1, 1, 1, 2, 1, 1, 1, 1, 1, 1, 1, 1, 1, 1, 1, 1, 1, 1, 1, 1, 1, 1, 1, 1, 1, 2, 1, 1, 1, 1, 1, 1, 1, 1, 0, 1, 1, 1, 1, 1, 2, 0, 2, 2, 0, 2, 2, 2, 2, 2, 0, 2, 2, 2, 2, 2, 0, 0, 2, 2, 2, 2, 2, 2, 2, 2, 2, 2, 2, 2, 2, 2, 2, 0, 2, 2, 2, 0, 2, 2, 2, 2, 2, 2, 2, 2, 0, 2, 2, 2, 2, 2, 2, 2, 2, 2, 2, 2, 2, 2, 2, 2, 2, 2, 2, 2, 2, 1, 2, 0, 2, 1, 2, 2, 2, 2, 2, 2, 2, 2, 2, 2, 2, 2, 2, 2, 2, 0, 2, 2, 2, 2, 2, 2, 1, 2, 2, 2, 2, 1], "y_proba": [0.49908673763275146, 0.9999985694885254, 1.0, 0.84331876039505, 0.9967585206031799, 0.8409661650657654, 0.9887914657592773, 0.9999771118164062, 0.9976558685302734, 1.0, 0.8785222172737122, 0.999994158744812, 0.71429842710495, 0.9999126195907593, 0.9999973773956299, 0.9952762126922607, 0.6021037101745605, 0.5677188634872437, 1.0, 0.6474412679672241, 0.9999998807907104, 1.0, 1.0, 0.9937248826026917, 1.0, 0.9846701622009277, 0.9982784986495972, 0.9881304502487183, 0.9999936819076538, 0.9989870190620422, 0.9988343119621277, 0.9999997615814209, 0.9313647150993347, 0.9796084761619568, 0.9999996423721313, 1.0, 0.9999804496765137, 1.0, 0.9999953508377075, 0.9999319314956665, 0.9277331829071045, 1.0, 0.8508194088935852, 1.0, 0.4988345801830292, 1.0, 0.9990034699440002, 0.997485876083374, 0.9999634027481079, 0.9335802793502808, 0.9999995231628418, 0.8719784617424011, 0.8283973932266235, 0.9999767541885376, 0.9998564720153809, 0.9479693174362183, 1.0, 0.9955253005027771, 0.9503068923950195, 0.6944259405136108, 1.0, 0.9999045133590698, 0.6779762506484985, 0.9999991655349731, 0.9926251769065857, 0.998908519744873, 0.9951155185699463, 0.9679015278816223, 0.9991195797920227, 0.9986786246299744, 0.9757322072982788, 0.9965410828590393, 0.8895654082298279, 0.9755409359931946, 1.0, 0.7623430490493774, 0.9999998807907104, 0.9995829463005066, 0.9844001531600952, 0.9999974966049194, 0.7581771612167358, 0.9999992847442627, 0.999975323677063, 0.9997734427452087, 0.9997077584266663, 0.9998008608818054, 0.9999983310699463, 0.9999934434890747, 0.9988601207733154, 0.9997079968452454, 0.9832462668418884, 0.8964911103248596, 0.46723416447639465, 0.9965078234672546, 0.9970752000808716, 1.0, 0.827612042427063, 0.999983549118042, 0.9999996423721313, 0.9368727803230286, 0.9866742491722107, 0.9989983439445496, 0.49826279282569885, 0.9860953688621521, 1.0, 1.0, 0.9999997615814209, 0.9999997615814209, 1.0, 0.5163177847862244, 0.880232036113739, 0.9999916553497314, 0.9999994039535522, 1.0, 0.5138798356056213, 0.9996367692947388, 0.9999963045120239, 1.0, 0.999985933303833, 0.9999983310699463, 0.6958717703819275, 0.9999334812164307, 1.0, 1.0, 0.9987842440605164, 1.0, 0.9996675252914429, 0.9995988011360168, 1.0, 0.9992097616195679, 0.9973040819168091, 0.9999744892120361, 0.9999998807907104, 0.9597521424293518, 0.7687020301818848, 0.9998875856399536, 0.9988717436790466, 0.9977748990058899, 1.0, 1.0, 0.9746294021606445, 0.9995703101158142, 1.0, 0.9999759197235107, 0.9999275207519531, 0.9874250292778015, 1.0, 0.9999997615814209, 1.0, 0.9999988079071045, 0.9999998807907104, 0.9999985694885254, 0.9998300075531006, 0.9999974966049194, 0.9855087399482727, 1.0, 0.9999653100967407, 1.0, 0.9987978935241699, 1.0, 1.0, 1.0, 0.9997871518135071, 0.9831127524375916, 0.9999998807907104, 0.6001317501068115, 1.0, 0.753513514995575, 0.9978846907615662, 0.9998101592063904, 0.9999995231628418, 0.9996364116668701, 1.0, 0.9996678829193115, 0.9999438524246216, 1.0, 0.9920380115509033, 0.9999895095825195, 0.9997419714927673, 0.9977689981460571, 0.9999997615814209, 0.9965577721595764, 0.9999903440475464, 1.0, 1.0, 0.8500141501426697, 1.0, 0.9999998807907104, 0.9999986886978149, 1.0, 1.0, 0.9999969005584717, 1.0, 1.0, 0.5679600834846497, 0.6925735473632812, 1.0, 0.9999997615814209, 0.9999996423721313, 1.0, 0.9988969564437866, 0.7987744808197021, 0.9999998807907104, 0.9988779425621033, 0.9999945163726807, 0.9999992847442627, 0.9459185600280762, 0.999785840511322, 0.8626008629798889, 0.9966309666633606, 0.7735393643379211, 0.999994158744812, 0.9999382495880127, 0.9299280047416687, 0.9999912977218628, 0.9999986886978149, 0.9999212026596069, 0.9976052045822144, 0.9994418025016785, 1.0, 0.9999994039535522, 0.9999973773956299, 0.9994630217552185, 0.9999856948852539, 0.6279211044311523, 0.9999936819076538, 0.9983349442481995, 0.9894371032714844, 1.0, 0.9998664855957031, 0.6129928827285767, 0.9976444840431213, 0.9999958276748657, 0.8257680535316467, 0.9999954700469971, 0.9999921321868896, 0.9999662637710571, 0.9999959468841553, 0.9998875856399536, 0.999632716178894, 1.0, 0.9959163069725037, 0.9999872446060181, 0.999993085861206, 1.0, 1.0, 0.904228150844574, 0.9999997615814209, 0.9547356367111206, 0.9997084736824036, 1.0, 1.0, 0.9998711347579956, 0.9999982118606567, 0.9999972581863403, 0.9999998807907104, 0.99998939037323, 0.9999897480010986, 0.9999891519546509, 0.5503822565078735, 0.6743460297584534, 0.9999996423721313, 0.9938534498214722, 0.9985780715942383, 1.0, 1.0, 0.9998880624771118, 0.9930940866470337, 0.9995219707489014, 0.963935911655426, 0.9999691247940063, 0.9989469647407532, 0.9999653100967407, 1.0, 0.9999992847442627, 0.9999995231628418, 0.9999961853027344, 0.9999994039535522, 0.9953497052192688, 0.989434540271759, 0.9999997615814209, 1.0, 0.9999717473983765, 0.8840088844299316, 0.9992495179176331, 0.9982458353042603, 0.9972302317619324, 0.9263378381729126, 0.9993113279342651, 0.9053823351860046, 0.999958872795105, 1.0, 0.9999998807907104, 0.9999996423721313, 0.9512104392051697, 0.9916059970855713, 0.9991459846496582, 0.795096755027771, 0.9997711777687073, 0.9970007538795471]}