{"accuracy": [0.45533332228660583, 0.6486666798591614, 0.7139999866485596, 0.7773333191871643, 0.7613333463668823, 0.7979999780654907, 0.8339999914169312, 0.846666693687439, 0.8619999885559082, 0.875333309173584, 0.8866666555404663, 0.8939999938011169, 0.9193333387374878, 0.8980000019073486, 0.9366666674613953, 0.9559999704360962, 0.9626666903495789, 0.9573333263397217, 0.9673333168029785, 0.9653333425521851, 0.9713333249092102, 0.9666666388511658, 0.9806666374206543, 0.9786666631698608, 0.9866666793823242, 0.9760000109672546, 0.9806666374206543, 0.9913333058357239, 0.984666645526886, 0.9800000190734863, 0.9826666712760925, 0.9866666793823242, 0.9866666793823242, 0.9886666536331177, 0.9800000190734863, 0.9806666374206543, 0.9753333330154419, 0.9933333396911621, 0.9953333139419556, 0.996666669845581, 0.9959999918937683, 0.9913333058357239, 0.9879999756813049, 0.9639999866485596, 0.9800000190734863, 0.9886666536331177, 0.9866666793823242, 0.9886666536331177, 0.996666669845581, 0.9906666874885559, 0.9986666440963745, 0.9926666617393494, 0.9953333139419556, 0.9919999837875366, 0.9900000095367432, 0.9940000176429749, 0.9906666874885559, 0.9913333058357239, 0.9959999918937683, 0.9913333058357239], "val_accuracy": [0.5933333039283752, 0.6800000071525574, 0.7566666603088379, 0.7733333110809326, 0.7333333492279053, 0.7900000214576721, 0.8233333230018616, 0.7699999809265137, 0.8566666841506958, 0.8366666436195374, 0.8166666626930237, 0.846666693687439, 0.8266666531562805, 0.8166666626930237, 0.8533333539962769, 0.8266666531562805, 0.8700000047683716, 0.8600000143051147, 0.8166666626930237, 0.8866666555404663, 0.8433333039283752, 0.8299999833106995, 0.846666693687439, 0.8600000143051147, 0.8733333349227905, 0.8433333039283752, 0.8600000143051147, 0.8333333134651184, 0.8700000047683716, 0.8600000143051147, 0.8533333539962769, 0.8633333444595337, 0.8733333349227905, 0.8433333039283752, 0.8299999833106995, 0.846666693687439, 0.8666666746139526, 0.8700000047683716, 0.8633333444595337, 0.8566666841506958, 0.8766666650772095, 0.8700000047683716, 0.8533333539962769, 0.8533333539962769, 0.8600000143051147, 0.8533333539962769, 0.8433333039283752, 0.8600000143051147, 0.8433333039283752, 0.8399999737739563, 0.8766666650772095, 0.8700000047683716, 0.8700000047683716, 0.8633333444595337, 0.8433333039283752, 0.8633333444595337, 0.8633333444595337, 0.8799999952316284, 0.8733333349227905, 0.8666666746139526]}