{"y_pred_test": [0, 0, 0, 2, 0, 1, 1, 0, 0, 0, 0, 0, 0, 0, 0, 0, 1, 2, 0, 2, 0, 0, 0, 2, 0, 0, 0, 2, 0, 0, 0, 1, 0, 0, 0, 0, 0, 0, 0, 0, 0, 2, 0, 0, 0, 0, 0, 0, 1, 0, 0, 0, 0, 0, 1, 1, 0, 0, 0, 0, 0, 2, 0, 0, 0, 0, 0, 0, 0, 0, 0, 0, 2, 0, 1, 0, 0, 0, 0, 0, 1, 0, 0, 0, 0, 0, 0, 0, 0, 0, 2, 0, 2, 1, 0, 0, 0, 0, 0, 0, 1, 1, 1, 1, 1, 1, 1, 1, 1, 1, 1, 1, 1, 1, 0, 1, 1, 1, 1, 1, 1, 1, 1, 1, 1, 1, 1, 1, 1, 1, 1, 1, 1, 1, 1, 1, 1, 1, 1, 1, 1, 1, 1, 1, 1, 1, 1, 1, 1, 0, 1, 1, 1, 1, 1, 1, 1, 1, 1, 1, 1, 1, 1, 2, 1, 1, 1, 1, 1, 1, 1, 1, 1, 1, 1, 1, 1, 1, 1, 1, 1, 1, 1, 1, 1, 2, 1, 1, 1, 1, 1, 1, 1, 1, 0, 1, 1, 1, 1, 1, 2, 2, 2, 2, 0, 2, 2, 0, 2, 2, 2, 2, 1, 2, 2, 2, 0, 0, 2, 2, 2, 2, 2, 2, 2, 2, 2, 0, 2, 2, 2, 1, 2, 0, 2, 2, 2, 0, 2, 2, 2, 1, 2, 2, 2, 2, 0, 2, 2, 2, 2, 2, 2, 2, 2, 2, 2, 2, 2, 1, 0, 2, 2, 1, 2, 2, 2, 1, 2, 2, 2, 1, 2, 2, 2, 2, 2, 2, 2, 2, 2, 2, 2, 2, 1, 2, 2, 0, 2, 1, 2, 2, 2, 2, 0, 2, 2, 2, 2, 1], "y_proba": [0.9973925352096558, 0.9995625615119934, 0.9999997615814209, 0.9633511900901794, 0.9610326290130615, 0.9399454593658447, 0.8640058040618896, 0.9941678047180176, 0.9965548515319824, 0.9756395220756531, 0.9979456067085266, 0.999821126461029, 0.48616766929626465, 0.9930000305175781, 0.9993619322776794, 0.5650827884674072, 0.6298879981040955, 0.4842429757118225, 0.7286355495452881, 0.8759579658508301, 0.9957697987556458, 0.9971109628677368, 0.9999998807907104, 0.8234645128250122, 0.9999988079071045, 0.9538806676864624, 0.9998606443405151, 0.8179864287376404, 0.9991105198860168, 0.9863606691360474, 0.9767456650733948, 0.9996798038482666, 0.9892578721046448, 0.995636522769928, 0.9999960660934448, 0.9999983310699463, 0.9980341792106628, 0.999969482421875, 0.9962375164031982, 0.9937273263931274, 0.5659655332565308, 0.9999288320541382, 0.9031827449798584, 1.0, 0.933986246585846, 0.9999964237213135, 0.9678393006324768, 0.9992744326591492, 0.9973098039627075, 0.9516013860702515, 0.9999809265136719, 0.9822143912315369, 0.7363380789756775, 0.9949145317077637, 0.7681071758270264, 0.5807160139083862, 0.9999524354934692, 0.9967101812362671, 0.9991844296455383, 0.9107248187065125, 0.9999808073043823, 0.995868444442749, 0.9911274313926697, 0.9997604489326477, 0.9985392093658447, 0.993129551410675, 0.8684382438659668, 0.9923991560935974, 0.9759804010391235, 0.999594509601593, 0.9992867112159729, 0.9999674558639526, 0.9983131885528564, 0.9021143317222595, 0.7442223429679871, 0.6392046809196472, 0.9998670816421509, 0.9658948183059692, 0.8800309300422668, 0.9772875308990479, 0.5091506242752075, 0.9999591112136841, 0.9871593713760376, 0.9969035983085632, 0.9939846396446228, 0.9924095869064331, 0.9999661445617676, 0.998862624168396, 0.8782575726509094, 0.999798595905304, 0.7865599393844604, 0.9868857860565186, 0.9404404163360596, 0.9994553923606873, 0.9946483969688416, 0.9999066591262817, 0.9696551561355591, 0.989359974861145, 0.987445592880249, 0.932368814945221, 1.0, 0.9909501671791077, 0.8263843059539795, 0.9951373934745789, 0.9998658895492554, 0.9999681711196899, 0.9999444484710693, 0.9940890073776245, 0.9999997615814209, 0.8726077079772949, 0.9604878425598145, 0.9995371103286743, 0.9999992847442627, 0.9997934699058533, 0.6815929412841797, 0.9999402761459351, 0.9999997615814209, 1.0, 0.9856401681900024, 0.9375864267349243, 0.9424319267272949, 0.9928135275840759, 0.9999034404754639, 0.9999666213989258, 0.9247665405273438, 0.9999998807907104, 0.8310336470603943, 0.995474636554718, 0.9999969005584717, 0.9772104620933533, 0.997698962688446, 0.9999922513961792, 0.9999836683273315, 0.9433979988098145, 0.9726085662841797, 0.9997994303703308, 0.9481004476547241, 0.9902793765068054, 0.9994463324546814, 0.9999918937683105, 0.8463976383209229, 0.8380939364433289, 1.0, 0.9980167150497437, 0.9860914349555969, 0.8916450142860413, 0.9997647404670715, 0.9999475479125977, 0.9999412298202515, 0.8001490235328674, 0.9995620846748352, 0.9989927411079407, 0.9997175335884094, 0.9995711445808411, 0.5491949319839478, 0.9999927282333374, 0.9911081790924072, 0.9999998807907104, 0.7460386157035828, 1.0, 0.9997733235359192, 0.9999943971633911, 0.9289366006851196, 0.7030121684074402, 0.999369204044342, 0.7662416696548462, 0.9999996423721313, 0.6720566153526306, 0.9912410378456116, 0.9999879598617554, 0.9986750483512878, 0.9996556043624878, 0.9999984502792358, 0.9999731779098511, 0.6158018112182617, 0.9999996423721313, 0.5094428062438965, 0.9927332401275635, 0.9995365142822266, 0.9999881982803345, 0.9912795424461365, 0.9918895363807678, 0.9916344881057739, 0.9999344348907471, 1.0, 0.9461114406585693, 0.9998908042907715, 0.9999964237213135, 0.9999985694885254, 0.9999997615814209, 0.999544084072113, 0.9998849630355835, 1.0, 0.9970672726631165, 0.5935907959938049, 0.7198765873908997, 1.0, 0.9999734163284302, 0.9805675148963928, 0.99997878074646, 0.6376911401748657, 0.9991233944892883, 0.998822033405304, 0.9413372278213501, 0.9997190833091736, 0.9994421601295471, 0.6264225840568542, 0.9507129192352295, 0.9567456245422363, 0.9783415794372559, 0.8956886529922485, 0.929021418094635, 0.7362151145935059, 0.6463794708251953, 0.9663847088813782, 0.9998363256454468, 0.980928361415863, 0.7601010799407959, 0.9742913842201233, 0.9999980926513672, 0.9997658133506775, 0.99808669090271, 0.9998472929000854, 0.9975451827049255, 0.47847995162010193, 0.5453513860702515, 0.9226850867271423, 0.5804188251495361, 0.9998770952224731, 0.9715126752853394, 0.5204296708106995, 0.9786645770072937, 0.9945868253707886, 0.59774249792099, 0.9975402355194092, 0.986033022403717, 0.9867086410522461, 0.9476020336151123, 0.9527586102485657, 0.995881199836731, 0.9997811913490295, 0.8803123235702515, 0.9947000741958618, 0.8849369883537292, 0.9953460097312927, 0.9999526739120483, 0.9872311949729919, 0.9992151260375977, 0.9889463782310486, 0.5696049332618713, 0.9999992847442627, 0.9998270869255066, 0.7183041572570801, 0.9997614026069641, 0.9967460632324219, 0.9999827146530151, 0.9764071702957153, 0.9866673350334167, 0.9364818334579468, 0.9047931432723999, 0.6231198906898499, 0.9994555115699768, 0.9981344938278198, 0.9320593476295471, 0.9993171691894531, 0.9998086094856262, 0.5836237072944641, 0.9998295307159424, 0.9336279630661011, 0.8815673589706421, 0.9968722462654114, 0.8190752863883972, 0.983306884765625, 0.9995799660682678, 0.9955663084983826, 0.9978582262992859, 0.9999669790267944, 0.9999186992645264, 0.879223644733429, 0.9996563196182251, 0.8292412757873535, 0.9994818568229675, 0.9968461394309998, 0.8604175448417664, 0.9956379532814026, 0.8632177710533142, 0.9930543303489685, 0.9285654425621033, 0.9844584465026855, 0.999237060546875, 0.9326633214950562, 0.9996836185455322, 0.999875545501709, 0.9996986389160156, 0.6608721613883972, 0.6404487490653992, 0.9814949631690979, 0.9819274544715881, 0.8046072125434875, 0.9515246748924255]}