{"accuracy": [0.4000000059604645, 0.5713333487510681, 0.6340000033378601, 0.6946666836738586, 0.7273333072662354, 0.7273333072662354, 0.7493333220481873, 0.7680000066757202, 0.7713333368301392, 0.7886666655540466, 0.7919999957084656, 0.8059999942779541, 0.8226666450500488, 0.8379999995231628, 0.8360000252723694, 0.8193333148956299, 0.8513333201408386, 0.8546666502952576, 0.8539999723434448, 0.871999979019165, 0.8840000033378601, 0.8786666393280029, 0.8820000290870667, 0.9013333320617676, 0.8926666378974915, 0.9053333401679993, 0.9160000085830688, 0.9160000085830688, 0.918666660785675, 0.9253333210945129, 0.9213333129882812, 0.9306666851043701, 0.9273333549499512, 0.937333345413208, 0.937333345413208, 0.9473333358764648, 0.9513333439826965, 0.9346666932106018, 0.9386666417121887, 0.9580000042915344, 0.9453333616256714, 0.9566666483879089, 0.9586666822433472, 0.9526666402816772, 0.9633333086967468, 0.9646666646003723, 0.9573333263397217, 0.9546666741371155, 0.9646666646003723, 0.9446666836738586, 0.9660000205039978, 0.9599999785423279, 0.9693333506584167, 0.9620000123977661, 0.9539999961853027, 0.968666672706604, 0.9653333425521851, 0.9726666808128357, 0.9779999852180481, 0.9753333330154419], "val_accuracy": [0.6133333444595337, 0.6266666650772095, 0.6899999976158142, 0.753333330154419, 0.7233333587646484, 0.7733333110809326, 0.7599999904632568, 0.7599999904632568, 0.7799999713897705, 0.7699999809265137, 0.7699999809265137, 0.7733333110809326, 0.8133333325386047, 0.8066666722297668, 0.8133333325386047, 0.7900000214576721, 0.8166666626930237, 0.8199999928474426, 0.8199999928474426, 0.846666693687439, 0.8433333039283752, 0.8366666436195374, 0.8100000023841858, 0.8199999928474426, 0.8333333134651184, 0.8333333134651184, 0.8366666436195374, 0.8133333325386047, 0.8500000238418579, 0.8366666436195374, 0.8266666531562805, 0.8266666531562805, 0.8266666531562805, 0.8566666841506958, 0.8266666531562805, 0.8299999833106995, 0.8500000238418579, 0.8299999833106995, 0.8299999833106995, 0.8366666436195374, 0.8333333134651184, 0.8500000238418579, 0.8566666841506958, 0.8399999737739563, 0.8500000238418579, 0.8333333134651184, 0.8299999833106995, 0.8566666841506958, 0.8633333444595337, 0.8399999737739563, 0.8500000238418579, 0.8500000238418579, 0.8566666841506958, 0.8433333039283752, 0.8600000143051147, 0.8533333539962769, 0.8333333134651184, 0.8399999737739563, 0.8600000143051147, 0.846666693687439]}