{"accuracy": [0.40799999237060547, 0.6159999966621399, 0.6966666579246521, 0.7459999918937683, 0.7793333530426025, 0.7906666398048401, 0.7786666750907898, 0.8166666626930237, 0.8399999737739563, 0.8526666760444641, 0.8773333430290222, 0.9046666622161865, 0.890666663646698, 0.918666660785675, 0.8966666460037231, 0.9313333630561829, 0.9539999961853027, 0.95333331823349, 0.9653333425521851, 0.95333331823349, 0.9573333263397217, 0.9679999947547913, 0.9773333072662354, 0.9726666808128357, 0.9833333492279053, 0.981333315372467, 0.984666645526886, 0.9773333072662354, 0.9913333058357239, 0.9833333492279053, 0.9826666712760925, 0.9879999756813049, 0.9706666469573975, 0.9706666469573975, 0.9866666793823242, 0.9879999756813049, 0.9893333315849304, 0.9866666793823242, 0.987333357334137, 0.9900000095367432, 0.9900000095367432, 0.9800000190734863, 0.9906666874885559, 0.9933333396911621, 0.9919999837875366, 0.9906666874885559, 0.9926666617393494, 0.9933333396911621, 0.9893333315849304, 0.9973333477973938, 0.9913333058357239, 0.9886666536331177, 0.9919999837875366, 0.9973333477973938, 0.9959999918937683, 0.9980000257492065, 0.9986666440963745, 0.9959999918937683, 0.9819999933242798, 0.9893333315849304], "val_accuracy": [0.47999998927116394, 0.6299999952316284, 0.6933333277702332, 0.7400000095367432, 0.753333330154419, 0.7666666507720947, 0.7599999904632568, 0.7833333611488342, 0.79666668176651, 0.8199999928474426, 0.8199999928474426, 0.8199999928474426, 0.8266666531562805, 0.800000011920929, 0.846666693687439, 0.8399999737739563, 0.8100000023841858, 0.8233333230018616, 0.7866666913032532, 0.8433333039283752, 0.8033333420753479, 0.8399999737739563, 0.8233333230018616, 0.8233333230018616, 0.846666693687439, 0.8399999737739563, 0.8199999928474426, 0.8233333230018616, 0.8500000238418579, 0.8199999928474426, 0.8399999737739563, 0.8500000238418579, 0.8333333134651184, 0.8233333230018616, 0.8333333134651184, 0.8333333134651184, 0.8100000023841858, 0.8233333230018616, 0.8366666436195374, 0.8166666626930237, 0.8266666531562805, 0.8199999928474426, 0.8333333134651184, 0.8366666436195374, 0.8166666626930237, 0.8333333134651184, 0.8500000238418579, 0.8299999833106995, 0.8433333039283752, 0.8166666626930237, 0.8433333039283752, 0.8433333039283752, 0.8199999928474426, 0.8433333039283752, 0.8566666841506958, 0.8333333134651184, 0.8299999833106995, 0.8500000238418579, 0.8133333325386047, 0.8500000238418579]}