{"accuracy": [0.46933332085609436, 0.6173333525657654, 0.6740000247955322, 0.7039999961853027, 0.7366666793823242, 0.7559999823570251, 0.7826666831970215, 0.8046666383743286, 0.8013333082199097, 0.8326666951179504, 0.8446666598320007, 0.8713333606719971, 0.875333309173584, 0.8813333511352539, 0.8893333077430725, 0.8999999761581421, 0.9139999747276306, 0.9200000166893005, 0.9233333468437195, 0.9340000152587891, 0.9440000057220459, 0.9306666851043701, 0.940666675567627, 0.9526666402816772, 0.9506666660308838, 0.9559999704360962, 0.9573333263397217, 0.9673333168029785, 0.9633333086967468, 0.9646666646003723, 0.972000002861023, 0.9706666469573975, 0.9693333506584167, 0.9593333601951599, 0.9753333330154419, 0.9653333425521851, 0.9700000286102295, 0.9833333492279053, 0.9779999852180481, 0.9819999933242798, 0.9766666889190674, 0.9766666889190674, 0.9793333411216736, 0.9766666889190674, 0.9866666793823242, 0.9853333234786987, 0.9819999933242798, 0.9706666469573975, 0.9773333072662354, 0.9826666712760925, 0.9779999852180481, 0.972000002861023, 0.9806666374206543, 0.9766666889190674, 0.9773333072662354, 0.984666645526886, 0.9819999933242798, 0.9866666793823242, 0.9739999771118164, 0.9753333330154419], "val_accuracy": [0.653333306312561, 0.7599999904632568, 0.6499999761581421, 0.7566666603088379, 0.7633333206176758, 0.7933333516120911, 0.8033333420753479, 0.7900000214576721, 0.8333333134651184, 0.8333333134651184, 0.8233333230018616, 0.846666693687439, 0.8199999928474426, 0.8533333539962769, 0.8399999737739563, 0.846666693687439, 0.8266666531562805, 0.8333333134651184, 0.8266666531562805, 0.8433333039283752, 0.8266666531562805, 0.846666693687439, 0.8333333134651184, 0.8566666841506958, 0.8366666436195374, 0.8266666531562805, 0.8500000238418579, 0.8500000238418579, 0.846666693687439, 0.846666693687439, 0.8566666841506958, 0.8500000238418579, 0.8433333039283752, 0.8566666841506958, 0.846666693687439, 0.846666693687439, 0.8600000143051147, 0.8500000238418579, 0.8633333444595337, 0.8433333039283752, 0.8433333039283752, 0.8233333230018616, 0.8433333039283752, 0.846666693687439, 0.8500000238418579, 0.846666693687439, 0.8233333230018616, 0.8266666531562805, 0.8366666436195374, 0.8533333539962769, 0.8266666531562805, 0.8399999737739563, 0.8266666531562805, 0.8100000023841858, 0.8733333349227905, 0.8666666746139526, 0.8333333134651184, 0.8533333539962769, 0.8199999928474426, 0.846666693687439]}