{"y_pred_test": [0, 0, 0, 2, 0, 1, 2, 0, 0, 0, 0, 0, 2, 0, 0, 2, 2, 0, 0, 0, 0, 0, 0, 2, 0, 0, 0, 2, 0, 0, 2, 1, 0, 0, 0, 0, 0, 0, 0, 0, 2, 2, 0, 0, 0, 0, 2, 0, 0, 0, 0, 0, 0, 0, 0, 0, 0, 0, 0, 0, 0, 0, 0, 0, 1, 0, 0, 0, 1, 0, 0, 0, 2, 0, 0, 2, 0, 0, 0, 0, 0, 0, 0, 0, 0, 0, 0, 0, 0, 0, 2, 0, 2, 0, 0, 0, 0, 0, 0, 0, 1, 1, 1, 1, 1, 1, 1, 1, 1, 1, 1, 1, 1, 1, 0, 1, 1, 1, 1, 1, 2, 1, 1, 1, 1, 1, 1, 1, 1, 0, 1, 1, 1, 1, 1, 1, 1, 1, 1, 1, 1, 2, 1, 1, 1, 1, 1, 1, 1, 1, 1, 1, 1, 1, 2, 1, 1, 1, 1, 1, 1, 1, 1, 1, 1, 1, 1, 0, 1, 1, 1, 1, 1, 1, 0, 1, 1, 1, 1, 1, 1, 1, 1, 1, 1, 1, 1, 1, 1, 1, 1, 1, 1, 1, 0, 0, 1, 1, 1, 1, 2, 2, 2, 2, 0, 2, 2, 0, 2, 2, 2, 2, 2, 2, 2, 2, 0, 2, 2, 2, 2, 2, 2, 2, 2, 2, 2, 0, 2, 2, 0, 0, 2, 0, 2, 2, 2, 0, 2, 2, 2, 2, 2, 2, 2, 2, 0, 2, 2, 2, 2, 2, 2, 2, 2, 2, 2, 2, 2, 2, 0, 2, 2, 1, 2, 2, 2, 1, 2, 0, 2, 1, 2, 2, 2, 2, 2, 2, 2, 2, 2, 2, 2, 2, 1, 2, 2, 0, 2, 1, 2, 2, 2, 2, 1, 2, 2, 2, 2, 2], "y_proba": [0.9997416138648987, 0.9999994039535522, 1.0, 0.9932988882064819, 0.9764824509620667, 0.4988709092140198, 0.5379144549369812, 0.9999908208847046, 0.9997168183326721, 0.9602419137954712, 0.9998574256896973, 0.9999997615814209, 0.45364877581596375, 0.9861853718757629, 0.9999997615814209, 0.9959942102432251, 0.9393185973167419, 0.5786796808242798, 0.9999821186065674, 0.9999305009841919, 0.9999984502792358, 0.9995356798171997, 1.0, 0.9966630339622498, 1.0, 0.8894551396369934, 0.9852279424667358, 0.8102736473083496, 0.9999997615814209, 0.9909022450447083, 0.8150104880332947, 0.9702789783477783, 0.9998699426651001, 0.9997770190238953, 0.9999998807907104, 1.0, 0.9999078512191772, 1.0, 0.9999967813491821, 0.9999340772628784, 0.988753080368042, 1.0, 0.5619531869888306, 1.0, 0.9864087104797363, 1.0, 0.8643035888671875, 0.9990480542182922, 0.9611864686012268, 0.8332798480987549, 0.9999998807907104, 0.9956181049346924, 0.8870960474014282, 0.9999390840530396, 0.7717033624649048, 0.5976215600967407, 1.0, 0.9984859824180603, 0.9978299736976624, 0.9963468909263611, 1.0, 0.7183956503868103, 0.9999555349349976, 0.9999996423721313, 0.4358874261379242, 0.9999973773956299, 0.9999442100524902, 0.9994458556175232, 0.8652777075767517, 0.999908447265625, 0.9989018440246582, 0.9999855756759644, 0.994961142539978, 0.985870897769928, 0.8633175492286682, 0.7615492939949036, 1.0, 0.9971957206726074, 0.8409311771392822, 0.9999876022338867, 0.9532294869422913, 1.0, 0.996773898601532, 0.9999644756317139, 0.9999899864196777, 0.9993274211883545, 0.9999978542327881, 0.999954342842102, 0.8848242163658142, 0.9999998807907104, 0.9717069268226624, 0.9961563944816589, 0.9981739521026611, 0.998547375202179, 0.9912698268890381, 1.0, 0.9996383190155029, 0.999783456325531, 0.9986761212348938, 0.9999725818634033, 0.9999995231628418, 0.8242515921592712, 0.5261315107345581, 0.8944502472877502, 0.9999150037765503, 0.9999864101409912, 0.9994553923606873, 0.9999892711639404, 0.9999600648880005, 0.9977855682373047, 0.8471015691757202, 0.9999945163726807, 0.9999983310699463, 0.9994379878044128, 0.9875074028968811, 0.9807484149932861, 0.9996910095214844, 1.0, 0.9974318146705627, 0.9889363646507263, 0.8609123229980469, 0.9991075396537781, 0.9996352195739746, 0.9999998807907104, 0.9981520771980286, 0.9999994039535522, 0.9998569488525391, 0.7638986110687256, 0.9999352693557739, 0.8216116428375244, 0.9606919884681702, 0.9999792575836182, 0.9999229907989502, 0.7435042858123779, 0.9995720982551575, 0.8013500571250916, 0.987036406993866, 0.9996500015258789, 0.9699661731719971, 0.9999959468841553, 0.45866647362709045, 0.8770688772201538, 1.0, 0.9855349063873291, 0.8595640659332275, 0.8223176002502441, 0.9999221563339233, 0.9999967813491821, 0.9999823570251465, 0.8482831120491028, 0.9988757967948914, 0.9999202489852905, 0.9999908208847046, 0.997490406036377, 0.9374071359634399, 0.9997139573097229, 0.9962607026100159, 1.0, 0.7622205018997192, 1.0, 0.9997726082801819, 0.9999998807907104, 0.5393929481506348, 0.5421472787857056, 0.9988320469856262, 0.9887340068817139, 0.9999322891235352, 0.897796094417572, 0.8966948390007019, 0.9999842643737793, 0.9984279870986938, 0.999579131603241, 0.9998339414596558, 0.9993334412574768, 0.8754173517227173, 1.0, 0.9991143345832825, 0.9408262372016907, 0.9287941455841064, 0.9963821172714233, 0.986531674861908, 0.9902916550636292, 0.6087446808815002, 0.9999983310699463, 1.0, 0.5304966568946838, 0.999823272228241, 0.9999990463256836, 0.9999995231628418, 1.0, 0.9983177185058594, 0.9995926022529602, 0.9999990463256836, 0.9999986886978149, 0.9314024448394775, 0.9083611369132996, 0.9999991655349731, 0.999721348285675, 0.9916430711746216, 0.9995738863945007, 0.9999760389328003, 0.9995261430740356, 0.9999115467071533, 0.9986238479614258, 0.999997615814209, 0.9999988079071045, 0.9967582821846008, 0.4628450870513916, 0.9611127972602844, 0.9901836514472961, 0.8267402052879333, 0.9996243715286255, 0.906745970249176, 0.9854791164398193, 0.9999892711639404, 0.9998534917831421, 0.995762825012207, 0.9994516968727112, 0.9461021423339844, 1.0, 0.9999997615814209, 0.999376118183136, 0.9999997615814209, 0.9999289512634277, 0.9793826341629028, 0.9995511174201965, 0.9964808821678162, 0.9369416236877441, 0.9999996423721313, 0.9993159770965576, 0.8140681982040405, 0.7058154940605164, 0.9782950282096863, 0.9059348702430725, 0.9999722242355347, 0.9999997615814209, 0.9989217519760132, 0.9985095858573914, 0.9998624324798584, 0.9999828338623047, 0.9999996423721313, 0.9955291152000427, 0.9999579191207886, 0.9578959345817566, 0.9999817609786987, 1.0, 0.9603542685508728, 0.9999963045120239, 0.9925327897071838, 0.999998927116394, 1.0, 0.9999998807907104, 0.9994457364082336, 0.9999996423721313, 0.9999992847442627, 1.0, 0.9996985197067261, 0.9999611377716064, 0.999980092048645, 0.9999017715454102, 0.9990569949150085, 0.9999995231628418, 0.998815655708313, 0.9980335831642151, 1.0, 1.0, 0.9986730813980103, 0.9994961023330688, 0.9998618364334106, 0.8438262939453125, 0.9999951124191284, 0.9291418790817261, 0.9998528957366943, 0.9999890327453613, 0.9999649524688721, 0.9999984502792358, 0.9999997615814209, 1.0, 0.9213882684707642, 0.9998849630355835, 0.9982675313949585, 0.9999991655349731, 0.9999262094497681, 0.9684941172599792, 0.7304971218109131, 0.976172685623169, 0.9999656677246094, 0.9986969828605652, 0.9999371767044067, 0.987287163734436, 0.9986076951026917, 1.0, 0.999996542930603, 1.0, 0.5189648866653442, 0.998835027217865, 0.9979370832443237, 0.9991928935050964, 0.9996592998504639, 0.7118646502494812]}