{"accuracy": [0.44200000166893005, 0.6259999871253967, 0.7166666388511658, 0.7379999756813049, 0.7860000133514404, 0.7900000214576721, 0.8026666641235352, 0.8046666383743286, 0.8320000171661377, 0.8519999980926514, 0.8493333458900452, 0.8686666488647461, 0.8833333253860474, 0.8973333239555359, 0.9046666622161865, 0.9160000085830688, 0.9079999923706055, 0.9346666932106018, 0.9346666932106018, 0.9380000233650208, 0.9606666564941406, 0.9593333601951599, 0.9646666646003723, 0.9553333520889282, 0.95333331823349, 0.9766666889190674, 0.9800000190734863, 0.968666672706604, 0.9793333411216736, 0.9746666550636292], "val_accuracy": [0.5433333516120911, 0.7300000190734863, 0.75, 0.753333330154419, 0.7633333206176758, 0.7666666507720947, 0.7733333110809326, 0.7900000214576721, 0.7866666913032532, 0.8066666722297668, 0.79666668176651, 0.7866666913032532, 0.8066666722297668, 0.8366666436195374, 0.846666693687439, 0.8566666841506958, 0.8133333325386047, 0.8533333539962769, 0.8533333539962769, 0.8600000143051147, 0.8633333444595337, 0.8333333134651184, 0.8566666841506958, 0.8299999833106995, 0.846666693687439, 0.8666666746139526, 0.8533333539962769, 0.8299999833106995, 0.8500000238418579, 0.8733333349227905]}