{"y_pred_test": [0, 0, 0, 2, 0, 0, 2, 0, 0, 0, 0, 0, 0, 0, 0, 2, 1, 1, 1, 0, 0, 0, 0, 2, 0, 0, 0, 2, 0, 0, 0, 1, 0, 0, 0, 0, 0, 0, 0, 0, 2, 2, 2, 0, 0, 0, 0, 0, 0, 0, 0, 0, 1, 0, 2, 2, 0, 0, 0, 0, 0, 2, 0, 0, 0, 0, 0, 0, 1, 0, 0, 0, 2, 2, 0, 0, 0, 0, 0, 0, 0, 0, 0, 0, 0, 0, 0, 0, 0, 0, 2, 0, 2, 0, 2, 0, 0, 0, 0, 0, 1, 1, 0, 1, 1, 1, 1, 1, 1, 1, 1, 1, 1, 1, 2, 1, 1, 1, 1, 0, 1, 1, 1, 1, 1, 1, 1, 1, 1, 0, 1, 1, 1, 1, 0, 1, 1, 1, 1, 1, 1, 1, 1, 1, 1, 1, 1, 1, 1, 0, 1, 1, 1, 1, 2, 1, 1, 1, 1, 1, 1, 1, 1, 2, 1, 1, 1, 0, 1, 1, 1, 1, 1, 1, 0, 1, 1, 1, 1, 1, 1, 1, 1, 1, 1, 2, 1, 1, 1, 1, 1, 1, 1, 1, 1, 0, 1, 1, 1, 1, 2, 2, 2, 1, 0, 2, 2, 2, 2, 2, 0, 2, 2, 2, 2, 2, 0, 2, 2, 2, 2, 2, 2, 2, 2, 2, 2, 2, 2, 2, 2, 2, 2, 0, 2, 2, 2, 0, 2, 2, 2, 2, 2, 2, 2, 2, 0, 2, 2, 2, 2, 2, 2, 2, 2, 2, 2, 2, 2, 2, 0, 2, 2, 1, 2, 2, 2, 1, 2, 2, 2, 1, 2, 2, 2, 2, 2, 2, 2, 2, 2, 2, 2, 2, 2, 2, 2, 0, 2, 1, 2, 2, 2, 2, 1, 2, 2, 2, 2, 2], "y_proba": [0.9900912046432495, 0.9973069429397583, 0.9999924898147583, 0.9675253033638, 0.9417887926101685, 0.45662322640419006, 0.6773144602775574, 0.9876140356063843, 0.9957285523414612, 0.8287692666053772, 0.9997588992118835, 0.9999384880065918, 0.37234029173851013, 0.9101660251617432, 0.9996734857559204, 0.9991666078567505, 0.7709408402442932, 0.6359075307846069, 0.9903721809387207, 0.8330736756324768, 0.9956973791122437, 0.994513988494873, 0.9999969005584717, 0.9513322710990906, 0.9999995231628418, 0.8462401032447815, 0.9906561970710754, 0.9581859111785889, 0.9995276927947998, 0.9383638501167297, 0.7499252557754517, 0.9987781643867493, 0.9408199787139893, 0.9519575238227844, 0.9999252557754517, 0.999990701675415, 0.9966405630111694, 0.9999998807907104, 0.9967432618141174, 0.9788714051246643, 0.9037004709243774, 0.9999746084213257, 0.7509374022483826, 0.9999983310699463, 0.9646502137184143, 0.9999985694885254, 0.9244344234466553, 0.9911772012710571, 0.5678125023841858, 0.8650975823402405, 0.9995444416999817, 0.9410906434059143, 0.6980038285255432, 0.9958564639091492, 0.8239628672599792, 0.9920017719268799, 0.9998583793640137, 0.9700174331665039, 0.9906340837478638, 0.8644909858703613, 0.9999587535858154, 0.8024802803993225, 0.960962176322937, 0.9990515112876892, 0.9894362688064575, 0.9992707371711731, 0.992936909198761, 0.9854965806007385, 0.8043994903564453, 0.9953658580780029, 0.9938133955001831, 0.9989713430404663, 0.997735857963562, 0.6356077194213867, 0.9089635014533997, 0.8450754284858704, 0.9999237060546875, 0.9556648135185242, 0.653899073600769, 0.9614965319633484, 0.7251593470573425, 0.9999245405197144, 0.9672215580940247, 0.9742341637611389, 0.9905271530151367, 0.9881744384765625, 0.9998453855514526, 0.8929627537727356, 0.9916519522666931, 0.9978504180908203, 0.8364027738571167, 0.997014045715332, 0.9626576900482178, 0.9255090951919556, 0.6556811928749084, 0.9993140697479248, 0.9846188426017761, 0.9475916624069214, 0.9964085221290588, 0.9872636198997498, 0.9990241527557373, 0.994720458984375, 0.5812311172485352, 0.8931258916854858, 0.9997949004173279, 0.9997850060462952, 0.9995878338813782, 0.9998148083686829, 0.9999926090240479, 0.9851048588752747, 0.9804374575614929, 0.9995928406715393, 0.999944806098938, 0.9988395571708679, 0.8493821024894714, 0.9966148734092712, 0.9999970197677612, 0.9999991655349731, 0.9969398975372314, 0.563959538936615, 0.7199448943138123, 0.989108681678772, 0.9995954632759094, 0.9999759197235107, 0.9027175307273865, 0.9999896287918091, 0.9934281706809998, 0.9867739677429199, 0.999975323677063, 0.5303663015365601, 0.9573450684547424, 0.999384880065918, 0.9999037981033325, 0.5430158376693726, 0.8319758772850037, 0.6468744874000549, 0.9629436135292053, 0.9941112399101257, 0.9947086572647095, 0.9988245368003845, 0.5744112133979797, 0.969118595123291, 1.0, 0.9816737174987793, 0.8322023749351501, 0.7087656259536743, 0.9998114705085754, 0.9992473125457764, 0.999879002571106, 0.4825300872325897, 0.9980986714363098, 0.9979071617126465, 0.9997316002845764, 0.996313750743866, 0.9613348841667175, 0.9998456239700317, 0.996552586555481, 0.9999994039535522, 0.4530705213546753, 0.9999868869781494, 0.9999042749404907, 0.9999759197235107, 0.8018446564674377, 0.8232522010803223, 0.9917784333229065, 0.8563072681427002, 0.9999974966049194, 0.7315786480903625, 0.9139326810836792, 0.9981088638305664, 0.9994126558303833, 0.9913041591644287, 0.9999767541885376, 0.9997169375419617, 0.9922164678573608, 0.9999957084655762, 0.6795009970664978, 0.9063870906829834, 0.9977080821990967, 0.9941492080688477, 0.9798299074172974, 0.9826045632362366, 0.9363232254981995, 0.9999967813491821, 1.0, 0.9994427561759949, 0.9995301961898804, 0.9999285936355591, 0.9999611377716064, 0.9999778270721436, 0.9972493052482605, 0.9860363006591797, 1.0, 0.9999278783798218, 0.9800768494606018, 0.651746928691864, 0.9999260902404785, 0.9997637867927551, 0.9968605041503906, 0.9996801614761353, 0.8529189229011536, 0.9999185800552368, 0.999539852142334, 0.6569987535476685, 0.9959837198257446, 0.999313235282898, 0.8863995671272278, 0.6798525452613831, 0.986339807510376, 0.9974268078804016, 0.4888410270214081, 0.9997202754020691, 0.9629040360450745, 0.7397014498710632, 0.9931776523590088, 0.9999072551727295, 0.9587977528572083, 0.9636234641075134, 0.9950811862945557, 0.9999949932098389, 0.9999731779098511, 0.9979986548423767, 0.9995856881141663, 0.9983900785446167, 0.9895122647285461, 0.9948998093605042, 0.9984122514724731, 0.8427028656005859, 0.9999167919158936, 0.998734176158905, 0.9176543951034546, 0.7077314257621765, 0.9801478385925293, 0.9819679856300354, 0.9998181462287903, 0.9976586103439331, 0.9985163807868958, 0.9397379159927368, 0.9899889230728149, 0.9948714971542358, 0.9999825954437256, 0.9877873063087463, 0.9989262223243713, 0.998369038105011, 0.9997819066047668, 0.9999947547912598, 0.6340646743774414, 0.9999985694885254, 0.9941545128822327, 0.9768036603927612, 1.0, 0.9998210072517395, 0.9936178922653198, 0.9994475245475769, 0.9983634352684021, 0.9999983310699463, 0.9930324554443359, 0.9982962012290955, 0.9936797618865967, 0.9865832924842834, 0.9178277850151062, 0.9997987151145935, 0.9998315572738647, 0.9922676682472229, 0.9992164373397827, 0.9999982118606567, 0.9807447791099548, 0.9996022582054138, 0.9942980408668518, 0.8733718395233154, 0.9997265934944153, 0.9941772222518921, 0.9966756105422974, 0.9999938011169434, 0.999738872051239, 0.9964317083358765, 0.999996542930603, 0.9999939203262329, 0.9660041332244873, 0.9995027780532837, 0.9991903901100159, 0.9999661445617676, 0.9965799450874329, 0.9541364312171936, 0.9844224452972412, 0.8600736856460571, 0.999143123626709, 0.8488820791244507, 0.9991588592529297, 0.9887970685958862, 0.9973311424255371, 0.9992942810058594, 0.9999537467956543, 0.9999977350234985, 0.881142795085907, 0.915372908115387, 0.9926377534866333, 0.9060070514678955, 0.9942996501922607, 0.9966827034950256]}