{"y_pred_test": [0, 0, 0, 2, 0, 0, 2, 0, 0, 0, 0, 0, 0, 0, 0, 2, 2, 0, 0, 2, 0, 0, 0, 2, 0, 2, 0, 2, 0, 0, 0, 1, 0, 0, 0, 0, 0, 0, 0, 0, 2, 2, 2, 0, 0, 0, 0, 0, 1, 0, 0, 0, 0, 0, 0, 0, 0, 0, 0, 0, 0, 2, 0, 0, 0, 0, 0, 0, 0, 0, 0, 0, 2, 0, 0, 0, 0, 0, 0, 0, 0, 0, 0, 0, 0, 0, 0, 0, 1, 0, 0, 0, 2, 0, 0, 0, 0, 0, 0, 0, 1, 1, 1, 1, 1, 1, 1, 1, 1, 1, 1, 1, 1, 1, 2, 1, 1, 1, 1, 1, 2, 1, 1, 1, 1, 1, 1, 1, 1, 0, 0, 1, 1, 1, 0, 1, 1, 2, 1, 1, 2, 2, 1, 1, 1, 2, 1, 1, 1, 1, 1, 1, 1, 1, 2, 1, 1, 1, 1, 1, 1, 1, 1, 2, 1, 2, 1, 0, 1, 1, 1, 1, 1, 2, 1, 1, 1, 1, 1, 1, 1, 1, 1, 1, 1, 2, 1, 1, 1, 1, 1, 1, 1, 1, 0, 0, 1, 1, 1, 1, 2, 2, 2, 2, 0, 2, 2, 2, 2, 2, 0, 2, 2, 2, 2, 2, 0, 0, 2, 2, 2, 2, 2, 2, 2, 2, 2, 2, 2, 2, 0, 1, 2, 0, 2, 2, 2, 0, 2, 2, 2, 2, 2, 2, 2, 2, 0, 2, 2, 2, 2, 2, 2, 2, 2, 2, 2, 2, 2, 1, 2, 2, 2, 2, 2, 2, 2, 2, 2, 2, 2, 1, 2, 2, 2, 2, 2, 2, 2, 2, 2, 2, 2, 2, 1, 2, 2, 0, 2, 2, 2, 2, 2, 2, 2, 2, 2, 2, 2, 1], "y_proba": [0.9354771375656128, 0.9881839752197266, 0.9999613761901855, 0.9769888520240784, 0.7882664203643799, 0.8446865081787109, 0.5179212689399719, 0.9765958786010742, 0.961415708065033, 0.9762686491012573, 0.9974009990692139, 0.9738373756408691, 0.5263063311576843, 0.8407591581344604, 0.9630478620529175, 0.8094254732131958, 0.5512600541114807, 0.5054773688316345, 0.9907799363136292, 0.8837222456932068, 0.9840541481971741, 0.9733119606971741, 0.9988839030265808, 0.8742106556892395, 0.9992091059684753, 0.8665123581886292, 0.9889539480209351, 0.7181898951530457, 0.9649895429611206, 0.8734937906265259, 0.6787518858909607, 0.782447099685669, 0.4322440028190613, 0.9582192897796631, 0.9989575147628784, 0.9996167421340942, 0.9535155296325684, 0.9998862743377686, 0.9444218277931213, 0.8202359676361084, 0.8480689525604248, 0.9966083765029907, 0.5391502976417542, 0.9991649389266968, 0.6612844467163086, 0.9998080134391785, 0.6654216051101685, 0.8192723393440247, 0.7376237511634827, 0.8511232733726501, 0.9980746507644653, 0.8206906318664551, 0.7062393426895142, 0.9958757758140564, 0.9210374355316162, 0.6934492588043213, 0.9991845488548279, 0.9224292039871216, 0.813248336315155, 0.6339930295944214, 0.9974467754364014, 0.929622232913971, 0.6663795709609985, 0.9890556335449219, 0.9425590634346008, 0.9490683078765869, 0.9085618257522583, 0.7095444798469543, 0.7311310172080994, 0.8510081171989441, 0.9767460823059082, 0.9585004448890686, 0.9822299480438232, 0.5859467387199402, 0.8828595876693726, 0.4164700508117676, 0.9960567951202393, 0.8270874619483948, 0.9342858791351318, 0.8340246081352234, 0.5064630508422852, 0.9890334606170654, 0.8608711361885071, 0.7717626690864563, 0.9664825797080994, 0.9589837789535522, 0.9939139485359192, 0.9836599826812744, 0.43575921654701233, 0.952193558216095, 0.5096246600151062, 0.7847267389297485, 0.901768147945404, 0.8324145078659058, 0.8259184956550598, 0.9992094039916992, 0.914762556552887, 0.9718683958053589, 0.969714343547821, 0.9591296315193176, 0.9368259906768799, 0.9146335124969482, 0.6293793320655823, 0.7840142846107483, 0.9996033310890198, 0.9469164609909058, 0.9539642333984375, 0.9986250400543213, 0.9999717473983765, 0.635962963104248, 0.4560105502605438, 0.8526014089584351, 0.9811520576477051, 0.9976611137390137, 0.46835997700691223, 0.913940966129303, 0.9889746904373169, 0.9999620914459229, 0.7740756273269653, 0.9725198149681091, 0.922767162322998, 0.8245062828063965, 0.9904480576515198, 0.9988064765930176, 0.8286601305007935, 0.9959320425987244, 0.842758297920227, 0.8791891932487488, 0.9994527697563171, 0.5937625765800476, 0.9027572274208069, 0.9400359392166138, 0.9680579900741577, 0.8136278986930847, 0.501765251159668, 0.6610559225082397, 0.5503826141357422, 0.8826756477355957, 0.9961018562316895, 0.9990071654319763, 0.48335373401641846, 0.5808801054954529, 0.9999641180038452, 0.8562487363815308, 0.8783664703369141, 0.6242347955703735, 0.9984769225120544, 0.9163123965263367, 0.9925234913825989, 0.9727450609207153, 0.9227963089942932, 0.9497747421264648, 0.9647502899169922, 0.9532774686813354, 0.7812748551368713, 0.993026614189148, 0.6769754886627197, 0.9997760653495789, 0.467360258102417, 0.9942890405654907, 0.9907805323600769, 0.9990108013153076, 0.8758324980735779, 0.6655275225639343, 0.7495418787002563, 0.6100451946258545, 0.9849108457565308, 0.6472718119621277, 0.7735540866851807, 0.9915123581886292, 0.934858500957489, 0.9077191948890686, 0.9995895028114319, 0.9578816294670105, 0.974871814250946, 0.9999043941497803, 0.4886472821235657, 0.5390675663948059, 0.9746747016906738, 0.9465370774269104, 0.961163341999054, 0.5438477396965027, 0.8927993774414062, 0.9960601925849915, 0.999993085861206, 0.9005120396614075, 0.9042918086051941, 0.9659351706504822, 0.9802924990653992, 0.9965295195579529, 0.9990750551223755, 0.7954822182655334, 0.99998939037323, 0.9747723340988159, 0.8906598687171936, 0.4672284424304962, 0.9995917677879333, 0.9928634762763977, 0.9216417670249939, 0.9965192079544067, 0.9089078903198242, 0.8094353079795837, 0.99055016040802, 0.8258792757987976, 0.7733132839202881, 0.9939140677452087, 0.9108262658119202, 0.6991158723831177, 0.9612173438072205, 0.6525189876556396, 0.7795131802558899, 0.7072397470474243, 0.8409623503684998, 0.5025891661643982, 0.9829933643341064, 0.9536076188087463, 0.6959520578384399, 0.7758612036705017, 0.9646230340003967, 0.9997994303703308, 0.9929044842720032, 0.8816022872924805, 0.988260805606842, 0.9951578974723816, 0.5177804827690125, 0.9221003651618958, 0.8566969037055969, 0.8892237544059753, 0.9999831914901733, 0.9324191808700562, 0.5435950756072998, 0.6366794109344482, 0.9981251358985901, 0.5816946625709534, 0.9969725608825684, 0.9960252046585083, 0.9905104041099548, 0.8382729887962341, 0.9640080332756042, 0.8235618472099304, 0.9989159107208252, 0.8988374471664429, 0.9958009123802185, 0.957535982131958, 0.986856997013092, 0.9991418123245239, 0.3736869990825653, 0.980250358581543, 0.9347668290138245, 0.9926825165748596, 0.9998949766159058, 0.9908130764961243, 0.9619532823562622, 0.9322295784950256, 0.9978892207145691, 0.9975860118865967, 0.997343122959137, 0.9728376865386963, 0.9917961359024048, 0.5472412109375, 0.894078254699707, 0.9710509181022644, 0.9924701452255249, 0.9584095478057861, 0.9988375306129456, 0.9993513226509094, 0.9423508048057556, 0.8149487376213074, 0.9620376825332642, 0.6439444422721863, 0.9968543648719788, 0.9118847846984863, 0.988610565662384, 0.9952345490455627, 0.9912092685699463, 0.9436889886856079, 0.999664306640625, 0.996997594833374, 0.7336897253990173, 0.8452098369598389, 0.8321234583854675, 0.9992470741271973, 0.9931756854057312, 0.8088415861129761, 0.8534864783287048, 0.8880686163902283, 0.9181821942329407, 0.8247541785240173, 0.9738795757293701, 0.6892412900924683, 0.9795403480529785, 0.9987316727638245, 0.9907869696617126, 0.9914645552635193, 0.4857593774795532, 0.9684581160545349, 0.9526704549789429, 0.8614605069160461, 0.7912089824676514, 0.5440047979354858]}