{"y_pred_test": [0, 0, 0, 2, 0, 2, 0, 0, 0, 0, 0, 0, 0, 2, 0, 2, 2, 0, 0, 2, 0, 0, 0, 2, 0, 2, 0, 2, 0, 0, 1, 1, 0, 0, 0, 0, 0, 0, 0, 0, 2, 2, 2, 0, 0, 0, 0, 0, 0, 2, 0, 0, 1, 0, 0, 2, 0, 0, 0, 1, 0, 2, 0, 0, 0, 0, 0, 0, 0, 0, 0, 0, 2, 0, 0, 0, 0, 0, 2, 0, 1, 0, 0, 0, 0, 0, 0, 0, 0, 0, 2, 1, 2, 0, 0, 0, 0, 0, 0, 1, 1, 1, 1, 1, 1, 1, 1, 1, 1, 1, 1, 1, 1, 1, 0, 1, 1, 1, 1, 1, 1, 1, 1, 1, 1, 1, 1, 1, 1, 0, 1, 1, 1, 1, 1, 1, 1, 2, 1, 1, 1, 1, 1, 1, 1, 2, 1, 2, 1, 1, 1, 1, 1, 1, 2, 1, 1, 1, 1, 1, 1, 1, 1, 1, 1, 2, 1, 0, 1, 1, 1, 1, 1, 1, 1, 1, 1, 1, 1, 1, 1, 1, 1, 1, 1, 2, 1, 1, 1, 1, 1, 1, 1, 1, 0, 1, 1, 1, 1, 1, 2, 2, 2, 2, 1, 2, 2, 2, 2, 2, 0, 2, 2, 1, 2, 2, 0, 2, 2, 2, 2, 2, 2, 2, 2, 2, 2, 2, 2, 2, 2, 1, 2, 0, 2, 2, 2, 0, 2, 2, 2, 2, 2, 2, 2, 2, 0, 2, 2, 2, 2, 2, 2, 2, 2, 2, 2, 2, 2, 2, 2, 2, 2, 1, 2, 2, 2, 1, 2, 2, 2, 1, 2, 2, 2, 2, 2, 2, 2, 2, 2, 2, 2, 2, 1, 2, 2, 0, 2, 2, 2, 2, 2, 2, 2, 2, 2, 2, 2, 2], "y_proba": [0.8993058204650879, 0.9998098015785217, 1.0, 0.8885794878005981, 0.9623217582702637, 0.9565080404281616, 0.8336584568023682, 0.9940016865730286, 0.9957386255264282, 1.0, 0.9999356269836426, 0.9999593496322632, 0.9326388239860535, 0.5103693008422852, 0.9998012185096741, 0.8226699233055115, 0.8915519714355469, 0.700804591178894, 0.9999994039535522, 0.6546443700790405, 1.0, 1.0, 1.0, 0.9933110475540161, 1.0, 0.5393064022064209, 0.9999581575393677, 0.8642803430557251, 0.9996613264083862, 0.9573176503181458, 0.6260818839073181, 0.9873162508010864, 0.9739819169044495, 0.9957155585289001, 1.0, 1.0, 0.999427318572998, 1.0, 0.9998894929885864, 0.9985675811767578, 0.6541385054588318, 0.9999996423721313, 0.8422136306762695, 1.0, 0.9835638999938965, 1.0, 0.9963855743408203, 0.941258430480957, 0.9998053908348083, 0.9277860522270203, 0.9999723434448242, 0.9981276392936707, 0.9711393117904663, 0.9987327456474304, 0.8635096549987793, 0.9952516555786133, 0.9999997615814209, 0.9975805282592773, 0.8919522166252136, 0.6011044383049011, 0.9984316229820251, 0.9987402558326721, 0.8175064921379089, 0.9995748400688171, 0.9853105545043945, 0.9992755055427551, 0.9538078308105469, 0.9538996815681458, 0.7329051494598389, 0.9931499361991882, 0.9340530633926392, 0.9996289014816284, 0.825590968132019, 0.5075854063034058, 0.9986978769302368, 0.5998555421829224, 0.9999885559082031, 0.9949465394020081, 0.5091055035591125, 1.0, 0.9144523739814758, 0.9999984502792358, 0.9991336464881897, 0.967957615852356, 0.9999154806137085, 0.9985968470573425, 0.9999133348464966, 0.9998832941055298, 0.9976754784584045, 0.9021179676055908, 0.832397997379303, 0.998130738735199, 0.8700419664382935, 0.6148756146430969, 0.878419816493988, 0.9999996423721313, 0.8845632672309875, 0.9996234178543091, 0.9999943971633911, 0.5473920702934265, 0.9999682903289795, 0.9995989203453064, 0.7867723107337952, 0.9592365622520447, 1.0, 0.9999862909317017, 0.9979442954063416, 0.9999120235443115, 0.9999524354934692, 0.9964576363563538, 0.7860512137413025, 0.9989597797393799, 0.9952566027641296, 0.9997401833534241, 0.9444320797920227, 0.9890194535255432, 1.0, 1.0, 0.9997751116752625, 0.9652575254440308, 0.9942333102226257, 0.9991969466209412, 0.9998325109481812, 0.9999998807907104, 0.9623439908027649, 0.9999991655349731, 0.9995760321617126, 0.9570100903511047, 0.9999997615814209, 0.47112396359443665, 0.9976776242256165, 0.9999659061431885, 0.9997084736824036, 0.9438018202781677, 0.9879312515258789, 0.999444305896759, 0.9993458390235901, 0.8954334855079651, 0.999977707862854, 0.9999542236328125, 0.9439301490783691, 0.9984347224235535, 1.0, 0.9994999170303345, 0.9712805151939392, 0.7549409866333008, 0.9999996423721313, 0.8176293969154358, 0.9999936819076538, 0.9924101829528809, 0.9998255372047424, 0.9999778270721436, 0.99810791015625, 0.9992772936820984, 0.6382499933242798, 0.9999831914901733, 0.9992948770523071, 1.0, 0.971872866153717, 0.9999997615814209, 0.9998030066490173, 0.9999991655349731, 0.9998584985733032, 0.9538724422454834, 0.9614928960800171, 0.8111340403556824, 0.9999649524688721, 0.9146668314933777, 0.9770396947860718, 0.9997679591178894, 0.990726113319397, 0.9999605417251587, 0.9999998807907104, 0.5989730358123779, 0.9997597336769104, 1.0, 0.7568638920783997, 0.8910818696022034, 0.9999827146530151, 0.9990548491477966, 0.9916587471961975, 0.9650631546974182, 0.9992989301681519, 1.0, 1.0, 0.9997840523719788, 0.9996719360351562, 0.9999600648880005, 1.0, 0.9999969005584717, 0.9999809265136719, 0.9999966621398926, 1.0, 0.9999936819076538, 0.8680325746536255, 0.8907370567321777, 1.0, 0.9995586276054382, 0.9996211528778076, 0.9999971389770508, 0.9989640712738037, 0.996971607208252, 0.9999046325683594, 0.9968178272247314, 0.7105265855789185, 0.999993085861206, 0.5628076195716858, 0.9886372685432434, 0.993328332901001, 0.7264602184295654, 0.8816195130348206, 0.9999089241027832, 0.9695731401443481, 0.8943431377410889, 0.9999725818634033, 0.999962568283081, 0.7343543171882629, 0.8403460383415222, 0.9746041297912598, 1.0, 0.9999982118606567, 0.9976691603660583, 0.9999412298202515, 0.9998683929443359, 0.5968576073646545, 0.9996694326400757, 0.9999058246612549, 0.9951241612434387, 1.0, 0.9988164901733398, 0.6887166500091553, 0.7212379574775696, 0.9997114539146423, 0.7976171374320984, 0.9999701976776123, 0.99998939037323, 0.9978432655334473, 0.989823043346405, 0.9998666048049927, 0.9486380219459534, 0.9999947547912598, 0.6983125805854797, 0.9999537467956543, 0.989301860332489, 0.9999983310699463, 1.0, 0.890671968460083, 0.9999946355819702, 0.9989161491394043, 0.9980167150497437, 1.0, 0.9999881982803345, 0.9932738542556763, 0.9997418522834778, 0.9997898936271667, 0.9999998807907104, 0.9795214533805847, 0.9997052550315857, 0.9997989535331726, 0.9947839379310608, 0.9963616728782654, 0.9999674558639526, 0.9999539852142334, 0.7835177779197693, 0.9994279742240906, 0.9999995231628418, 0.9999490976333618, 0.9469600915908813, 0.9998568296432495, 0.9768432378768921, 0.9998077750205994, 0.9813823699951172, 0.999767005443573, 0.9999901056289673, 0.9999455213546753, 0.9981802701950073, 0.9999991655349731, 1.0, 0.7907926440238953, 0.9985873699188232, 0.9962857961654663, 0.9999964237213135, 0.9997259974479675, 0.9937074780464172, 0.9992144107818604, 0.6273242235183716, 0.9996751546859741, 0.80215984582901, 0.9999715089797974, 0.6267898082733154, 0.9999738931655884, 0.9999994039535522, 0.9999616146087646, 0.9999566078186035, 0.8324504494667053, 0.9971240162849426, 0.9994452595710754, 0.9993329644203186, 0.98478764295578, 0.9894477128982544]}