{"y_pred_test": [0, 0, 0, 2, 0, 1, 1, 0, 0, 0, 0, 0, 0, 0, 0, 2, 1, 0, 0, 0, 0, 0, 0, 2, 0, 0, 0, 2, 0, 0, 0, 1, 0, 0, 0, 0, 0, 0, 0, 0, 2, 2, 0, 0, 0, 0, 0, 0, 1, 0, 0, 0, 1, 0, 2, 2, 0, 0, 0, 0, 0, 0, 0, 0, 0, 0, 0, 0, 0, 0, 0, 0, 2, 0, 0, 0, 0, 0, 0, 0, 0, 0, 0, 0, 0, 0, 0, 0, 0, 0, 0, 0, 2, 1, 0, 0, 0, 0, 0, 0, 1, 1, 2, 1, 1, 1, 1, 1, 1, 1, 1, 1, 1, 1, 0, 1, 1, 1, 1, 1, 1, 1, 1, 1, 1, 1, 1, 1, 1, 0, 1, 1, 1, 1, 1, 1, 1, 1, 1, 1, 1, 1, 1, 1, 1, 1, 1, 1, 1, 1, 1, 1, 1, 1, 2, 1, 1, 1, 1, 1, 1, 1, 0, 1, 1, 2, 1, 0, 1, 1, 1, 1, 1, 1, 1, 1, 1, 1, 1, 1, 1, 1, 1, 1, 1, 2, 1, 1, 1, 1, 1, 1, 1, 1, 1, 0, 1, 1, 1, 1, 2, 2, 2, 2, 0, 2, 2, 0, 2, 2, 0, 2, 2, 0, 2, 2, 0, 0, 2, 2, 2, 2, 2, 2, 2, 2, 2, 2, 2, 2, 2, 1, 2, 0, 2, 2, 2, 0, 2, 2, 2, 2, 2, 2, 2, 2, 0, 2, 2, 2, 2, 2, 2, 2, 2, 2, 2, 2, 2, 2, 2, 2, 2, 1, 2, 2, 2, 1, 2, 0, 2, 0, 2, 2, 2, 2, 2, 2, 2, 2, 2, 2, 2, 2, 2, 2, 2, 0, 2, 1, 2, 2, 2, 2, 1, 2, 2, 2, 2, 1], "y_proba": [0.9998615980148315, 0.9999964237213135, 1.0, 0.8773506879806519, 0.9991596937179565, 0.9830038547515869, 0.7943242192268372, 0.9995782971382141, 0.9997437596321106, 0.9912390112876892, 0.999985933303833, 0.9999998807907104, 0.8234356045722961, 0.9992591738700867, 0.999992847442627, 0.9979149699211121, 0.9295337796211243, 0.5904390215873718, 1.0, 0.5106366276741028, 0.9999516010284424, 0.9977262616157532, 1.0, 0.9450486302375793, 1.0, 0.5739958882331848, 0.8552984595298767, 0.905553936958313, 0.9994901418685913, 0.9844062328338623, 0.736303985118866, 0.9988414645195007, 0.9986611604690552, 0.999351441860199, 0.9999998807907104, 1.0, 0.999747097492218, 1.0, 0.9999103546142578, 0.9993481040000916, 0.5837101340293884, 1.0, 0.7761332988739014, 1.0, 0.9877293109893799, 1.0, 0.7309324145317078, 0.9989603757858276, 0.970669150352478, 0.9089521765708923, 0.999998927116394, 0.9979603290557861, 0.7620033025741577, 0.9999063014984131, 0.9225063920021057, 0.8517966270446777, 0.9999995231628418, 0.9911403059959412, 0.999762237071991, 0.9099897742271423, 0.9999996423721313, 0.7759669423103333, 0.9887440204620361, 0.9999998807907104, 0.9461406469345093, 0.9999860525131226, 0.9996728897094727, 0.9995397329330444, 0.994776725769043, 0.9998812675476074, 0.9995633959770203, 0.9978232383728027, 0.9982249140739441, 0.979633092880249, 0.9647812247276306, 0.9108784794807434, 0.9999990463256836, 0.984085202217102, 0.6744147539138794, 0.9999029636383057, 0.9933834671974182, 0.9999808073043823, 0.9995980858802795, 0.999854326248169, 0.9999927282333374, 0.9991658926010132, 0.9999970197677612, 0.9688004851341248, 0.9918076395988464, 0.9999997615814209, 0.8916276693344116, 0.9999723434448242, 0.9989234805107117, 0.743964433670044, 0.9977535605430603, 0.999988317489624, 0.9999666213989258, 0.9992293119430542, 0.9952710270881653, 0.9983862638473511, 0.9999001026153564, 0.9959712624549866, 0.5327456593513489, 0.9981886744499207, 0.9999996423721313, 0.9999985694885254, 0.9999399185180664, 0.9999949932098389, 1.0, 0.8740735650062561, 0.6278870701789856, 0.9998669624328613, 0.9999996423721313, 0.9872826337814331, 0.5644431114196777, 0.9999411106109619, 1.0, 1.0, 0.9918157458305359, 0.995784342288971, 0.9698819518089294, 0.9998437166213989, 0.9967911839485168, 1.0, 0.9989318251609802, 0.9999998807907104, 0.9962456822395325, 0.9978064894676208, 0.999983549118042, 0.44336816668510437, 0.991222620010376, 0.9999995231628418, 0.9999932050704956, 0.9441901445388794, 0.9999939203262329, 0.9521652460098267, 0.9997517466545105, 0.999961256980896, 0.9979795813560486, 0.9999959468841553, 0.8779000639915466, 0.9867863059043884, 1.0, 0.9987974166870117, 0.9929059743881226, 0.7030192017555237, 0.9999961853027344, 0.9999998807907104, 0.9999996423721313, 0.8403558135032654, 0.999258816242218, 0.9999767541885376, 0.9999990463256836, 0.9999246597290039, 0.9565166234970093, 1.0, 0.9995506405830383, 1.0, 0.8643753528594971, 1.0, 0.9998569488525391, 1.0, 0.6361492276191711, 0.45829737186431885, 0.996746301651001, 0.5866662263870239, 0.9999974966049194, 0.8610191345214844, 0.9683547019958496, 0.9999982118606567, 0.9999262094497681, 0.9999414682388306, 1.0, 0.9999539852142334, 0.7460273504257202, 1.0, 0.9882998466491699, 0.9890947937965393, 0.9999053478240967, 0.9999948740005493, 0.9347350597381592, 0.9965564012527466, 0.9748172163963318, 1.0, 1.0, 0.7227627038955688, 0.9998711347579956, 0.9999992847442627, 0.9999994039535522, 1.0, 0.9999886751174927, 0.9999356269836426, 1.0, 0.9999997615814209, 0.9890429377555847, 0.777373194694519, 1.0, 0.9999953508377075, 0.9980018734931946, 0.9995957016944885, 0.6143050789833069, 0.9998181462287903, 0.9999971389770508, 0.9197210073471069, 0.9995971322059631, 0.9936683773994446, 0.9965373277664185, 0.9622058868408203, 0.9951472878456116, 0.9929863810539246, 0.7284518480300903, 0.9999864101409912, 0.999372661113739, 0.8652067184448242, 0.999964714050293, 0.9999948740005493, 0.9723844528198242, 0.9115954637527466, 0.999713122844696, 1.0, 1.0, 0.9990676045417786, 0.9999998807907104, 0.9999300241470337, 0.6736350059509277, 0.9999790191650391, 0.9902129769325256, 0.8820353746414185, 0.9999998807907104, 0.974065899848938, 0.5288094282150269, 0.993880033493042, 0.9881703853607178, 0.9995904564857483, 0.9999995231628418, 0.9972108006477356, 0.9991791844367981, 0.9107546806335449, 0.9294523596763611, 0.9995691180229187, 1.0, 0.9979054927825928, 0.9999970197677612, 0.9996830224990845, 1.0, 1.0, 0.9887839555740356, 0.9999996423721313, 0.9001731276512146, 0.9991750121116638, 1.0, 0.9999996423721313, 0.9992944002151489, 1.0, 0.9987999200820923, 1.0, 0.9972852468490601, 0.998817503452301, 0.9999995231628418, 0.921042799949646, 0.5273075699806213, 0.9999606609344482, 0.9999756813049316, 0.5538623332977295, 0.9999657869338989, 0.9999997615814209, 0.9623051285743713, 0.9999309778213501, 0.9995682835578918, 0.7473637461662292, 0.999993085861206, 0.5894121527671814, 0.9999939203262329, 1.0, 0.9999294281005859, 0.9997890591621399, 0.9999998807907104, 1.0, 0.9054794311523438, 0.9996671676635742, 0.9999240636825562, 0.9999994039535522, 0.9999922513961792, 0.9622858762741089, 0.9943729639053345, 0.992369532585144, 0.9998743534088135, 0.9929386973381042, 0.9938994646072388, 0.9940681457519531, 0.9994444251060486, 0.9999998807907104, 0.9999995231628418, 0.9999998807907104, 0.9560760855674744, 0.9894394278526306, 0.9839739203453064, 0.9975430965423584, 0.988077700138092, 0.901710569858551]}