{"accuracy": [0.36666667461395264, 0.4073333442211151, 0.5199999809265137, 0.625333309173584, 0.6646666526794434, 0.70333331823349, 0.7206666469573975, 0.746666669845581, 0.7459999918937683, 0.7606666684150696, 0.7706666588783264, 0.7760000228881836, 0.7893333435058594, 0.8086666464805603, 0.8080000281333923, 0.7933333516120911, 0.8226666450500488, 0.8019999861717224, 0.8220000267028809, 0.8286666870117188, 0.8326666951179504, 0.8393333554267883, 0.843999981880188, 0.8573333621025085, 0.859333336353302, 0.8566666841506958, 0.875333309173584, 0.8666666746139526, 0.8766666650772095, 0.8813333511352539, 0.903333306312561, 0.8913333415985107, 0.8993333578109741, 0.8933333158493042, 0.9046666622161865, 0.9086666703224182, 0.9066666960716248, 0.9213333129882812, 0.921999990940094, 0.9160000085830688, 0.9240000247955322, 0.9300000071525574, 0.9253333210945129, 0.9319999814033508, 0.9453333616256714, 0.9393333196640015, 0.9333333373069763, 0.9493333101272583, 0.9433333277702332, 0.9480000138282776, 0.9526666402816772, 0.9466666579246521, 0.9580000042915344, 0.9426666498184204, 0.95333331823349, 0.9566666483879089, 0.95333331823349, 0.9446666836738586, 0.9480000138282776, 0.9586666822433472], "val_accuracy": [0.46000000834465027, 0.5233333110809326, 0.6633333563804626, 0.6766666769981384, 0.6899999976158142, 0.7300000190734863, 0.746666669845581, 0.746666669845581, 0.753333330154419, 0.6899999976158142, 0.746666669845581, 0.753333330154419, 0.7733333110809326, 0.7666666507720947, 0.7699999809265137, 0.7766666412353516, 0.7699999809265137, 0.7666666507720947, 0.7766666412353516, 0.7866666913032532, 0.7633333206176758, 0.7666666507720947, 0.7933333516120911, 0.7866666913032532, 0.79666668176651, 0.7900000214576721, 0.79666668176651, 0.7333333492279053, 0.7799999713897705, 0.7933333516120911, 0.8100000023841858, 0.7933333516120911, 0.8233333230018616, 0.79666668176651, 0.8100000023841858, 0.7933333516120911, 0.8066666722297668, 0.8166666626930237, 0.8233333230018616, 0.8166666626930237, 0.8033333420753479, 0.8033333420753479, 0.8199999928474426, 0.8299999833106995, 0.8133333325386047, 0.8100000023841858, 0.8166666626930237, 0.8133333325386047, 0.7866666913032532, 0.8100000023841858, 0.8233333230018616, 0.8299999833106995, 0.8133333325386047, 0.7766666412353516, 0.800000011920929, 0.79666668176651, 0.8366666436195374, 0.8133333325386047, 0.8133333325386047, 0.8333333134651184]}