{"accuracy": [0.40066665410995483, 0.5506666898727417, 0.6153333187103271, 0.653333306312561, 0.7113333344459534, 0.7273333072662354, 0.7693333625793457, 0.7799999713897705, 0.7946666479110718, 0.800000011920929, 0.8393333554267883, 0.8500000238418579, 0.8513333201408386, 0.8640000224113464, 0.8740000128746033, 0.8833333253860474, 0.9026666879653931, 0.9066666960716248, 0.903333306312561, 0.9179999828338623, 0.9179999828338623, 0.9073333144187927, 0.9306666851043701, 0.9326666593551636, 0.9473333358764648, 0.9466666579246521, 0.9473333358764648, 0.9466666579246521, 0.9419999718666077, 0.9559999704360962, 0.9526666402816772, 0.9559999704360962, 0.9526666402816772, 0.9546666741371155, 0.9599999785423279, 0.9613333344459534, 0.9559999704360962, 0.9620000123977661, 0.9673333168029785, 0.9666666388511658, 0.9779999852180481, 0.9700000286102295, 0.9693333506584167, 0.9779999852180481, 0.9673333168029785, 0.9779999852180481, 0.9633333086967468, 0.9753333330154419, 0.9766666889190674, 0.9726666808128357, 0.9706666469573975, 0.9760000109672546, 0.9806666374206543, 0.9853333234786987, 0.9666666388511658, 0.9760000109672546, 0.9753333330154419, 0.9666666388511658, 0.9639999866485596, 0.9753333330154419], "val_accuracy": [0.6700000166893005, 0.6966666579246521, 0.6266666650772095, 0.7333333492279053, 0.746666669845581, 0.7933333516120911, 0.7799999713897705, 0.8133333325386047, 0.7900000214576721, 0.800000011920929, 0.8233333230018616, 0.8133333325386047, 0.8199999928474426, 0.8199999928474426, 0.8266666531562805, 0.8366666436195374, 0.8233333230018616, 0.8366666436195374, 0.8399999737739563, 0.8533333539962769, 0.8333333134651184, 0.8600000143051147, 0.8600000143051147, 0.8299999833106995, 0.8500000238418579, 0.8500000238418579, 0.8333333134651184, 0.8366666436195374, 0.8600000143051147, 0.8333333134651184, 0.8399999737739563, 0.8533333539962769, 0.8500000238418579, 0.8433333039283752, 0.846666693687439, 0.8799999952316284, 0.8500000238418579, 0.8666666746139526, 0.8733333349227905, 0.8600000143051147, 0.8700000047683716, 0.8533333539962769, 0.8600000143051147, 0.8733333349227905, 0.8399999737739563, 0.8700000047683716, 0.8433333039283752, 0.8633333444595337, 0.8700000047683716, 0.8633333444595337, 0.8500000238418579, 0.8633333444595337, 0.8766666650772095, 0.8733333349227905, 0.8399999737739563, 0.8633333444595337, 0.8766666650772095, 0.8633333444595337, 0.8533333539962769, 0.8533333539962769]}