{"y_pred_test": [0, 0, 0, 2, 0, 0, 1, 0, 0, 0, 0, 0, 0, 0, 0, 2, 2, 0, 0, 0, 0, 0, 0, 2, 0, 2, 0, 0, 0, 0, 0, 1, 1, 0, 0, 0, 0, 0, 0, 0, 2, 2, 2, 0, 0, 0, 0, 0, 0, 1, 0, 0, 0, 0, 0, 2, 0, 0, 0, 0, 0, 2, 0, 0, 0, 0, 0, 0, 0, 0, 0, 0, 2, 0, 0, 0, 0, 0, 0, 0, 1, 0, 0, 0, 0, 0, 0, 0, 2, 0, 2, 1, 2, 0, 0, 0, 0, 0, 0, 0, 1, 1, 1, 1, 1, 1, 1, 1, 1, 1, 1, 1, 1, 1, 0, 1, 1, 1, 1, 1, 1, 1, 1, 1, 1, 1, 1, 1, 1, 0, 1, 1, 1, 1, 1, 1, 1, 2, 1, 1, 2, 1, 1, 1, 1, 1, 1, 2, 1, 1, 1, 1, 1, 1, 2, 1, 2, 1, 1, 1, 1, 1, 1, 2, 2, 0, 1, 0, 1, 1, 1, 1, 1, 2, 1, 1, 1, 1, 1, 1, 1, 1, 1, 1, 1, 2, 1, 1, 1, 1, 1, 1, 1, 1, 0, 1, 1, 1, 1, 1, 2, 2, 2, 2, 0, 2, 2, 2, 2, 2, 2, 2, 2, 2, 2, 2, 0, 2, 2, 2, 2, 2, 2, 2, 2, 2, 2, 2, 2, 2, 2, 1, 2, 0, 2, 2, 2, 0, 2, 2, 2, 2, 2, 2, 2, 2, 0, 2, 2, 2, 2, 2, 2, 2, 2, 2, 2, 2, 2, 2, 0, 2, 2, 2, 2, 2, 2, 1, 2, 2, 2, 1, 2, 2, 2, 2, 2, 2, 2, 2, 2, 2, 2, 2, 2, 2, 2, 0, 2, 2, 2, 2, 2, 2, 2, 2, 2, 2, 2, 1], "y_proba": [0.9903325438499451, 0.998268723487854, 1.0, 0.9325159788131714, 0.9965441823005676, 0.9998886585235596, 0.7942379117012024, 0.9999953508377075, 0.9782893061637878, 1.0, 0.9997126460075378, 0.9999374151229858, 0.8134462237358093, 0.999562680721283, 0.9991102814674377, 0.9841012358665466, 0.8314642310142517, 0.9334238171577454, 1.0, 0.8494560718536377, 0.9999985694885254, 1.0, 1.0, 0.9831137657165527, 1.0, 0.9412956833839417, 0.9999996423721313, 0.5528525114059448, 0.9957203269004822, 0.8946093916893005, 0.7185053825378418, 0.9999998807907104, 0.5837762355804443, 0.9834104180335999, 0.9999406337738037, 1.0, 0.9999096393585205, 1.0, 0.9999077320098877, 0.9978811144828796, 0.9683558344841003, 0.9999998807907104, 0.6278257966041565, 0.9999998807907104, 0.9496856927871704, 1.0, 0.9518324732780457, 0.9813957810401917, 0.9999997615814209, 0.866923987865448, 0.9999978542327881, 0.94235759973526, 0.933910071849823, 0.9918324947357178, 0.9995551705360413, 0.6496537327766418, 1.0, 0.9959228038787842, 0.9897016286849976, 0.9702394604682922, 1.0, 0.9887452721595764, 0.549101710319519, 0.9990139007568359, 0.9901441335678101, 0.9999653100967407, 0.9991439580917358, 0.932611882686615, 0.9999939203262329, 0.9908975958824158, 0.9991089701652527, 0.9994083642959595, 0.9865418672561646, 0.9921624064445496, 0.9999302625656128, 0.7657721638679504, 0.9999980926513672, 0.8935220837593079, 0.6677000522613525, 0.9999892711639404, 0.8986561298370361, 0.9999992847442627, 0.9997678399085999, 0.9888155460357666, 0.9999518394470215, 0.9993056058883667, 0.9988969564437866, 0.9999990463256836, 0.9496555924415588, 0.9411258101463318, 0.9988835453987122, 0.7025159597396851, 0.7184798717498779, 0.9939759373664856, 0.8694498538970947, 0.9999978542327881, 0.7147132754325867, 0.9996412992477417, 0.9999862909317017, 0.8037871718406677, 0.9998304843902588, 0.9998732805252075, 0.9976022839546204, 0.9635502696037292, 1.0, 0.9999860525131226, 0.9991397857666016, 0.9999974966049194, 1.0, 0.831961989402771, 0.9839960932731628, 0.9985016584396362, 0.9999911785125732, 1.0, 0.9696545004844666, 0.9906758069992065, 1.0, 1.0, 0.9995835423469543, 1.0, 0.6737501621246338, 0.9999103546142578, 0.9984317421913147, 0.9999935626983643, 0.9900699257850647, 0.9999996423721313, 0.9985546469688416, 0.9983201622962952, 1.0, 0.9517655968666077, 0.999927282333374, 0.9999618530273438, 0.9975098371505737, 0.9990729093551636, 0.8864197134971619, 0.9999963045120239, 0.9978487491607666, 0.999984860420227, 0.9999995231628418, 1.0, 0.6321263909339905, 0.998673677444458, 1.0, 0.9999639987945557, 0.9959470629692078, 0.4995019733905792, 1.0, 0.9186287522315979, 0.9999744892120361, 0.9996435642242432, 0.9999866485595703, 0.9999991655349731, 0.7407819628715515, 0.999957799911499, 0.9980508089065552, 1.0, 0.8069995045661926, 1.0, 0.9592472910881042, 0.9999994039535522, 1.0, 1.0, 0.9994308352470398, 0.8461765050888062, 0.6653382182121277, 0.9851741194725037, 1.0, 0.9974935054779053, 0.924377977848053, 0.9999585151672363, 0.9999209642410278, 0.9993207454681396, 1.0, 0.988756000995636, 0.9999381303787231, 0.9999992847442627, 0.9891276955604553, 0.9983282685279846, 0.9999960660934448, 0.9999940395355225, 0.9924330711364746, 0.9873658418655396, 0.9982989430427551, 0.9999996423721313, 1.0, 0.9999959468841553, 0.99998939037323, 1.0, 0.9999924898147583, 0.9999899864196777, 0.9999996423721313, 0.9999762773513794, 1.0, 0.9988044500350952, 0.9938048124313354, 0.921495258808136, 1.0, 0.9937159419059753, 0.9999275207519531, 1.0, 0.9999995231628418, 0.9915924072265625, 0.9998868703842163, 0.9948945045471191, 0.9993833303451538, 0.9999996423721313, 0.950457751750946, 0.9888912439346313, 0.9938061237335205, 0.9341303110122681, 0.5168420672416687, 0.999976634979248, 0.998211145401001, 0.9750738143920898, 0.9986131191253662, 0.9999974966049194, 0.9016240239143372, 0.9976536631584167, 0.860298752784729, 1.0, 1.0, 0.9303116202354431, 0.9998587369918823, 0.9875543713569641, 0.9368122220039368, 0.999990701675415, 0.9991347193717957, 0.9990189075469971, 1.0, 0.9999092817306519, 0.7400282621383667, 0.9057119488716125, 1.0, 0.8793871998786926, 0.9999555349349976, 0.9999994039535522, 0.9999990463256836, 0.9993267059326172, 0.9999978542327881, 0.9998908042907715, 1.0, 0.9993745684623718, 0.9989594221115112, 0.9996798038482666, 0.9999997615814209, 1.0, 0.9259130358695984, 1.0, 0.9999899864196777, 0.5368126034736633, 1.0, 0.9999978542327881, 0.9972743391990662, 0.9956744313240051, 0.9997182488441467, 1.0, 0.9999985694885254, 0.9999942779541016, 0.9999977350234985, 0.9999264478683472, 0.8919410109519958, 0.9999977350234985, 0.9999998807907104, 0.9986985921859741, 0.9972273707389832, 1.0, 0.9999908208847046, 0.9953018426895142, 0.5878720283508301, 0.6461436748504639, 1.0, 0.9999895095825195, 0.9998596906661987, 1.0, 0.9999983310699463, 0.998137354850769, 1.0, 1.0, 0.9889653921127319, 0.9752365350723267, 0.9999442100524902, 0.9999980926513672, 0.9999327659606934, 0.9829409718513489, 0.903045654296875, 0.9794999361038208, 0.9999501705169678, 0.9356011152267456, 1.0, 0.9911423921585083, 0.9996775388717651, 1.0, 0.9992969036102295, 0.9999935626983643, 0.6613548994064331, 0.9998307228088379, 0.9999963045120239, 0.9996079802513123, 0.9999958276748657, 0.7307998538017273]}