{"y_pred_test": [0, 0, 0, 0, 0, 0, 2, 0, 0, 0, 0, 0, 0, 0, 0, 2, 2, 0, 0, 2, 0, 0, 0, 2, 0, 2, 0, 2, 0, 0, 0, 1, 0, 0, 0, 0, 0, 0, 0, 0, 0, 2, 0, 0, 0, 0, 0, 0, 0, 2, 0, 0, 0, 0, 0, 2, 0, 0, 0, 0, 0, 2, 0, 0, 0, 0, 0, 0, 0, 0, 0, 0, 0, 0, 0, 0, 0, 0, 2, 0, 1, 0, 0, 0, 0, 0, 0, 0, 0, 0, 2, 0, 2, 0, 0, 0, 0, 0, 0, 0, 1, 1, 1, 1, 1, 1, 1, 1, 1, 2, 2, 1, 1, 1, 2, 1, 1, 1, 1, 1, 2, 1, 1, 1, 1, 1, 1, 1, 1, 1, 1, 1, 1, 1, 0, 1, 1, 2, 1, 1, 1, 1, 1, 1, 1, 2, 1, 2, 1, 1, 1, 1, 1, 1, 2, 1, 1, 1, 1, 1, 1, 1, 1, 2, 1, 2, 1, 0, 1, 1, 1, 1, 1, 1, 1, 1, 1, 1, 1, 1, 1, 1, 1, 1, 1, 2, 1, 1, 1, 1, 1, 1, 1, 1, 0, 1, 1, 1, 1, 1, 2, 2, 2, 2, 0, 2, 2, 2, 2, 2, 0, 2, 2, 2, 2, 2, 2, 2, 2, 2, 2, 2, 2, 2, 2, 2, 2, 2, 2, 2, 2, 2, 2, 0, 2, 2, 2, 0, 2, 2, 2, 2, 2, 2, 2, 2, 0, 2, 2, 2, 2, 2, 2, 2, 2, 2, 2, 2, 2, 2, 2, 2, 2, 2, 2, 2, 2, 1, 2, 2, 2, 1, 2, 2, 2, 2, 2, 2, 2, 2, 2, 2, 2, 2, 2, 2, 2, 0, 2, 2, 2, 2, 2, 2, 2, 2, 2, 2, 2, 2], "y_proba": [0.9790325164794922, 0.9967703819274902, 0.9999972581863403, 0.7236728668212891, 0.8900404572486877, 0.9979345798492432, 0.7976031303405762, 0.9964685440063477, 0.986774206161499, 0.9999991655349731, 0.9994807839393616, 0.989915132522583, 0.995705783367157, 0.9813717603683472, 0.9890846610069275, 0.9991441965103149, 0.982882022857666, 0.9948010444641113, 0.995296061038971, 0.9989226460456848, 0.9983069896697998, 0.999545156955719, 0.9999980926513672, 0.9986133575439453, 0.999864935874939, 0.741451621055603, 0.7869080305099487, 0.5375669002532959, 0.9987251162528992, 0.9627937078475952, 0.5060169696807861, 0.9997215867042542, 0.9254372119903564, 0.9794406890869141, 0.9982672929763794, 0.9999732971191406, 0.9989067316055298, 0.9999996423721313, 0.9929133057594299, 0.9931634664535522, 0.762503981590271, 0.999980092048645, 0.6939194202423096, 0.9999774694442749, 0.9953214526176453, 0.9998714923858643, 0.9913313388824463, 0.9963357448577881, 0.9996428489685059, 0.9932569265365601, 0.9968873858451843, 0.9792600274085999, 0.8753418326377869, 0.996867835521698, 0.9939054846763611, 0.6112439036369324, 0.999963641166687, 0.911038339138031, 0.6296480894088745, 0.8123106956481934, 0.999948263168335, 0.9998289346694946, 0.994322657585144, 0.9985936284065247, 0.6904429197311401, 0.9874682426452637, 0.9369579553604126, 0.9905602335929871, 0.8437844514846802, 0.9141138792037964, 0.9981729984283447, 0.9999438524246216, 0.8425273299217224, 0.9707509279251099, 0.9847162961959839, 0.9141408205032349, 0.9945567846298218, 0.9783568978309631, 0.5390093922615051, 0.9999779462814331, 0.9647454023361206, 0.9997374415397644, 0.9722083210945129, 0.9967823028564453, 0.9888729453086853, 0.9926390647888184, 0.9993554949760437, 0.9987665414810181, 0.9677927494049072, 0.9981406927108765, 0.9850340485572815, 0.7743957042694092, 0.9523868560791016, 0.8538307547569275, 0.5311625003814697, 0.9993109703063965, 0.9376869201660156, 0.9975100755691528, 0.9974439144134521, 0.9188445806503296, 0.9996789693832397, 0.9926041960716248, 0.6018274426460266, 0.6974220871925354, 0.9999998807907104, 0.9973369240760803, 0.9991023540496826, 0.9995915293693542, 0.9999961853027344, 0.9011901617050171, 0.8410962820053101, 0.9994977712631226, 0.9998843669891357, 0.9999793767929077, 0.7009120583534241, 0.9909113049507141, 0.9999979734420776, 0.9999996423721313, 0.9778153896331787, 0.9992660880088806, 0.9153954386711121, 0.994499683380127, 0.9946659803390503, 0.9999958276748657, 0.9827309250831604, 0.9999856948852539, 0.9897940158843994, 0.9901121258735657, 1.0, 0.7244306206703186, 0.9786061644554138, 0.995280921459198, 0.9994490742683411, 0.9453166127204895, 0.7535902261734009, 0.9988201260566711, 0.983601987361908, 0.9708729386329651, 0.9998118281364441, 0.999998927116394, 0.5305817723274231, 0.8332588076591492, 1.0, 0.9984241724014282, 0.9988941550254822, 0.6819993257522583, 0.9999991655349731, 0.7391379475593567, 0.9998262524604797, 0.9770275354385376, 0.8017577528953552, 0.9998290538787842, 0.9998082518577576, 0.9994637370109558, 0.9948581457138062, 0.9999680519104004, 0.9690881371498108, 1.0, 0.7532705068588257, 0.9999996423721313, 0.9989882111549377, 0.9999986886978149, 0.997244119644165, 0.943282425403595, 0.9996641874313354, 0.9557519555091858, 0.9999843835830688, 0.9862141013145447, 0.902115523815155, 0.9999525547027588, 0.9989134073257446, 0.9998416900634766, 0.9999996423721313, 0.6146769523620605, 0.9959291815757751, 0.999998927116394, 0.9710772633552551, 0.9859057664871216, 0.9997764229774475, 0.9990723133087158, 0.9924529194831848, 0.8527743220329285, 0.9934508800506592, 0.9999277591705322, 1.0, 0.9999395608901978, 0.9991505146026611, 0.9999954700469971, 0.9992395639419556, 0.9999973773956299, 0.9999986886978149, 0.954780638217926, 1.0, 0.9981616139411926, 0.6802244186401367, 0.5311233401298523, 1.0, 0.9984605312347412, 0.9842767715454102, 0.9999998807907104, 0.9997115731239319, 0.9984182119369507, 0.9999008178710938, 0.9983300566673279, 0.9982385635375977, 0.9998623132705688, 0.9770107269287109, 0.9162841439247131, 0.9892536997795105, 0.9936580061912537, 0.8982033729553223, 0.9962618947029114, 0.9999711513519287, 0.7383860945701599, 0.9998103976249695, 0.9999879598617554, 0.5010810494422913, 0.7602028846740723, 0.6681486964225769, 1.0, 0.9999997615814209, 0.9986742734909058, 0.9998998641967773, 0.9998217225074768, 0.9885966181755066, 0.999747097492218, 0.9990033507347107, 0.9277011752128601, 0.9999997615814209, 0.999980092048645, 0.6998083591461182, 0.9881967902183533, 0.9771883487701416, 0.8615119457244873, 0.999754011631012, 0.9999884366989136, 0.9996036887168884, 0.8550974726676941, 0.9991829991340637, 0.9989031553268433, 0.9999940395355225, 0.9997337460517883, 0.9999828338623047, 0.9978590607643127, 0.9999963045120239, 1.0, 0.7045881152153015, 1.0, 0.9986758828163147, 0.990944504737854, 0.9999998807907104, 0.9997797608375549, 0.9895395636558533, 0.9989965558052063, 0.9997901320457458, 0.9999988079071045, 0.9997897744178772, 0.9978985786437988, 0.999546229839325, 0.9920950531959534, 0.9883397817611694, 0.9999796152114868, 0.9996861219406128, 0.9937751293182373, 0.9999982118606567, 0.9999998807907104, 0.9991793036460876, 0.607771098613739, 0.9999712705612183, 0.9836387634277344, 0.9999693632125854, 0.9868566393852234, 0.9999420642852783, 0.9999998807907104, 0.9999390840530396, 0.9995902180671692, 0.9999946355819702, 0.9999986886978149, 0.9960380792617798, 0.9972207546234131, 0.9998387098312378, 0.9999680519104004, 0.9998546838760376, 0.9656937718391418, 0.99783855676651, 0.9987461566925049, 0.999251663684845, 0.9886027574539185, 0.9999860525131226, 0.9092667102813721, 0.9999735355377197, 0.9999990463256836, 0.9999063014984131, 0.999984622001648, 0.4292314648628235, 0.9950900077819824, 0.9991900324821472, 0.9979167580604553, 0.995693027973175, 0.9973793029785156]}